State,Bill Name,Issues,Status,Status Detail,Status Date,In Court Link
NH,HB 396,Barriers to Accurate IDs/Other anti-LGBTQ bills,Defeated,Governor vetoed,07/19/2024,
NH,H.B.1205,Restricting Student & Educator Rights/School sports bans,Passed into Law,Governor signed,07/19/2024,
ID,H.567,Curriculum censorship/Restricting Student & Educator Rights,Defeated,Legislative session ended,04/10/2024,
MS,S.B. 2722,Restricting Student & Educator Rights/School facilities bans,Defeated,Died in committee,03/05/2024,
MS,H.B. 1521,Restricting Student & Educator Rights/School facilities bans,Defeated,Died in committee,03/05/2024,
NH,H.B.1312,Other anti-LGBTQ bills,Passed into Law,Governor signed,07/19/2024,
NH,S.B.524,Restricting Student & Educator Rights/School sports bans,Advancing,Referred to Interim Study,04/05/2024,
NH,S.B.341,Forced outing in schools/Restricting Student & Educator Rights,Advancing,Senate passed as amended; House indefinitely postponed,05/02/2024,
NH,S.B.375,Restricting Student & Educator Rights/School facilities bans/School sports bans,Advancing,Senate passed as amended; House Reconsidered for Interim Study,05/03/2024,
MA,H 509,Curriculum censorship/Restricting Student & Educator Rights,Advancing,Accompanied a study order,07/08/2024,
SC,HB 3728,Curriculum censorship/Other school restrictions/Restricting Student & Educator Rights,Advancing,Senate Free Conference Powers failed; passed roll call,06/26/2024,
OH,HB 8,Forced outing in schools/Restricting Student & Educator Rights,Advancing,Fourth committee hearing,06/26/2024,
NH,HB 619,Curriculum censorship/Healthcare age restrictions/Healthcare Restrictions/Restricting Student & Educator Rights/School facilities bans/School sports bans,Passed into Law,Governor signed,07/19/2024,
LA,H.B.122,Curriculum censorship/Other school restrictions/Restricting Student & Educator Rights,Passed into Law,Governor signed,06/19/2024,
LA,H.B.121,Other school restrictions/Religious exemptions/Restricting Student & Educator Rights/Weakening Civil Rights Laws,Passed into Law,Governor signed,06/19/2024,
MI,H.B.5831,Other anti-LGBTQ bills,Advancing,Referred to committee,06/25/2024,
DE,S.B. 191,Restricting Student & Educator Rights/School sports bans,Advancing,Referred to committee,06/21/2024,
WV,S.B.197,Drag bans/Free Speech & Expression Bans,Defeated,Legislative session ended,03/09/2024,
WV,S.B.195,Drag bans/Free Speech & Expression Bans,Defeated,Legislative session ended,03/09/2024,
PA,H.B.2421,Healthcare age restrictions/Healthcare Restrictions/Other healthcare barriers,Advancing,Referred to committee,06/20/2024,
AZ,S.B.1451,Healthcare Restrictions/Other healthcare barriers,Advancing,First read,06/14/2024,
WA,H.B. 1601,Other school restrictions/Restricting Student & Educator Rights,Defeated,Legislative session ended,03/07/2024,
NJ,A.2720,Other school restrictions/Restricting Student & Educator Rights,Advancing,Referred to committee,01/09/2024,
WV,H.B.5616,Healthcare Restrictions/Other healthcare barriers,Defeated,Legislative session ended,03/09/2024,
WV,H.B.5615,Healthcare Restrictions/Other healthcare barriers,Defeated,Legislative session ended,03/09/2024,
MS,H.B. 1953,Healthcare Restrictions/Other healthcare barriers,Defeated,Died in committee,04/16/2024,
MO,H.B. 2830,Healthcare Restrictions/Other healthcare barriers,Defeated,Legislative session ended,05/17/2024,
TN,H.B.2936,Forced outing in schools/Other anti-LGBTQ bills/Restricting Student & Educator Rights,Passed into Law,Companion bill passed into law,05/28/2024,
TN,H.B.2310,Healthcare age restrictions/Healthcare Restrictions/Other healthcare barriers,Passed into Law,Companion bill passed into law,05/28/2024,
TN,S.B.2782,Healthcare age restrictions/Healthcare Restrictions/Other healthcare barriers,Passed into Law,Governor signed,05/28/2024,
TN,S.B.2749,Forced outing in schools/Other anti-LGBTQ bills/Restricting Student & Educator Rights,Passed into Law,Governor signed,05/28/2024,
OH,HB 245,Drag bans/Free Speech & Expression Bans,Advancing,Second committee hearing,06/05/2024,
DE,S.B. 315,Healthcare age restrictions/Healthcare funding restrictions/Healthcare Restrictions,Advancing,Introduced and referred to committee,06/06/2024,
LA,H.B.608,Other anti-LGBTQ bills/Re-definition of sex/Restricting Student & Educator Rights/School facilities bans/Weakening Civil Rights Laws,Passed into Law,Governor signed,06/03/2024,
SC,H.B.4624,Forced outing in schools/Healthcare age restrictions/Healthcare funding restrictions/Healthcare Restrictions/Restricting Student & Educator Rights,Passed into Law,Governor signed,05/21/2024,
OK,S.B.1677,Religious exemptions/Weakening Civil Rights Laws,Advancing,Enacting clause restored,05/22/2024,
OK,HB 1449,Other anti-LGBTQ bills,Advancing,Sent to Governor,05/29/2024,
NH,H.B.1660,Healthcare funding restrictions/Healthcare Restrictions,Advancing,Passed House; Senate pending Motion Ought to Pass,05/22/2024,
MO,H.B. 2145,Restricting Student & Educator Rights/School sports bans,Advancing,Referred to committee,05/17/2024,
MO,H.B. 1739,Forced outing in schools/Other school restrictions/Restricting Student & Educator Rights,Advancing,Referred to committee,05/17/2024,
MO,H.B. 1789,Other anti-LGBTQ bills,Advancing,Referred to committee,05/17/2024,
MO,H.B. 2885,Other school restrictions/Restricting Student & Educator Rights,Advancing,Referred to committee,05/17/2024,
MO,H.B. 1523,Curriculum censorship/Forced outing in schools/Restricting Student & Educator Rights,Advancing,Referred to committee,05/17/2024,
MO,H.B. 1849,Drag bans/Free Speech & Expression Bans,Advancing,Referred to committee,05/17/2024,
MO,H.B. 1405,Forced outing in schools/Other school restrictions/Religious exemptions/Restricting Student & Educator Rights/Weakening Civil Rights Laws,Advancing,Referred to committee,05/17/2024,
MO,H.B. 2300,Drag bans/Free Speech & Expression Bans,Advancing,Referred to committee,05/17/2024,
MO,H.B. 1981,Restricting Student & Educator Rights/School sports bans,Advancing,Referred to committee,05/17/2024,
MA,H 458,Curriculum censorship/Restricting Student & Educator Rights,Advancing,Accompanied a study order,05/20/2024,
WI,AB 377,Other anti-LGBTQ bills/Restricting Student & Educator Rights/School sports bans,Defeated,Vetoed by Governor; Assembly failed to override veto,05/15/2024,
WI,AB 465,Healthcare age restrictions/Healthcare Restrictions,Defeated,Vetoed by Governor; Assembly failed to override veto,05/15/2024,
WI,AB 510,Curriculum censorship/Other school restrictions/Restricting Student & Educator Rights,Defeated,Vetoed by Governor; Assembly failed to override veto,05/15/2024,
AK,H.B. 183,Restricting Student & Educator Rights/School sports bans,Defeated,Legislative session ended,05/15/2024,
TN,H.B.2619,Healthcare Restrictions/Prison healthcare restrictions,Passed into Law,Companion bill passed into law,04/29/2024,
MS,H.B. 1647,Other anti-LGBTQ bills,Passed into Law,Became act without Governor's signature,05/14/2024,
AK,HB 174,Other anti-LGBTQ bills,Defeated,Legislative session ended,05/15/2024,
TN,H.B.2165,Forced outing in schools/Restricting Student & Educator Rights,Passed into Law,Companion bill passed into law,05/09/2024,
TN,S.B.2861,Healthcare Restrictions/Prison healthcare restrictions,Passed into Law,Governor signed,04/29/2024,
TN,S.B.1810,Forced outing in schools/Restricting Student & Educator Rights,Passed into Law,Governor signed,05/01/2024,
MO,H.B. 2619,Other anti-LGBTQ bills,Advancing,House committee substitute adopted and Perfected,05/08/2024,
IA,S.F.2435,Other anti-LGBTQ bills,Passed into Law,Governor signed,05/09/2024,
AL,S.B.92,Re-definition of sex/Weakening Civil Rights Laws,Defeated,Legislative session ended,05/09/2024,
TN,H.B.1634,Other school restrictions/Restricting Student & Educator Rights,Passed into Law,Companion bill passed into law,04/23/2024,
TN,S.B.2766,Other school restrictions/Restricting Student & Educator Rights,Passed into Law,Governor signed,04/23/2024,
MS,S.B. 2753,Other school restrictions/Public Accommodation Bans/Re-definition of sex/Restricting Student & Educator Rights/School facilities bans/Weakening Civil Rights Laws,Advancing,Senate and House signed enrolled bill; Due from Governor,05/13/2024,
AK,H.B. 105,Curriculum censorship/Other school restrictions/Restricting Student & Educator Rights/School facilities bans,Defeated,Legislative session ended,05/15/2024,
TN,H.B.1995,Other anti-LGBTQ bills,Advancing,Taken off notice for subcommittee calendar,03/05/2024,
TN,S.B.2780,Other anti-LGBTQ bills,Defeated,Legislative session ended,04/25/2024,
WV,S.B.237,Drag bans/Free Speech & Expression Bans,Defeated,Legislative session ended,03/09/2024,
WV,H.B.5240,Other anti-LGBTQ bills,Defeated,Legislative session ended,03/09/2024,
WA,H.B. 1214,Healthcare age restrictions/Healthcare Restrictions,Defeated,Legislative session ended,03/07/2024,
TN,S.B.1722,Free Speech & Expression Bans/Other expression restrictions/Other school restrictions/Restricting Student & Educator Rights,Defeated,Legislative session ended,04/25/2024,
TN,H.B.1605,Free Speech & Expression Bans/Other expression restrictions/Other school restrictions/Restricting Student & Educator Rights,Defeated,Legislative session ended,04/25/2024,
SC,H.B.4691,Forced outing in schools/Other anti-LGBTQ bills/Restricting Student & Educator Rights,Defeated,Legislative session ended,05/09/2024,
OK,H.B.2546,Curriculum censorship/Restricting Student & Educator Rights,Advancing,Failed to meet House deadline,02/29/2024,
NJ,A.2580,Curriculum censorship/Restricting Student & Educator Rights,Advancing,Referred to committee,01/09/2024,
NH,H.B.1441,Healthcare age restrictions/Healthcare Restrictions,Introduced,Pre-filed,10/13/2023,
MS,S.B. 2813,Barriers to Accurate IDs/Re-definition of sex/Weakening Civil Rights Laws,Defeated,Died In Committee,03/05/2024,
MO,H.B. 1518,Other civil rights restrictions/Weakening Civil Rights Laws,Advancing,Passed House; Senate second read and referred to committee,03/28/2024,
MO,H.B. 1650,Drag bans/Free Speech & Expression Bans,Advancing,Voted Do Pass (H),04/03/2024,
KY,S.B.208,Healthcare Restrictions/Other healthcare barriers,Defeated,Legislative session ended,04/15/2024,
ID,H.517,Religious exemptions/Weakening Civil Rights Laws,Defeated,Legislative session ended,04/10/2024,
IA,H.F.2068,Other school restrictions/Restricting Student & Educator Rights,Defeated,Legislative session ended,04/20/2024,
HI,H.B.291,Barriers to Accurate IDs,Defeated,Legislative session ended,05/03/2024,
GA,H.B.836,Restricting Student & Educator Rights/School facilities bans,Defeated,Legislative session ended,03/28/2024,
GA,H.B.936,Restricting Student & Educator Rights/School facilities bans,Defeated,Legislative session ended,03/28/2024,
FL,H.B. 1027,Other school restrictions/Restricting Student & Educator Rights,Defeated,Died in subcommittee,03/08/2024,
FL,S.B. 1728,Other school restrictions/Restricting Student & Educator Rights,Defeated,Died in committee,03/08/2024,
MO,H.B. 1520,Healthcare age restrictions/Healthcare Restrictions,Advancing,Placed Back on Formal Perfection Calendar,05/02/2024,
IL,H.B.5830,Re-definition of sex/Weakening Civil Rights Laws,Advancing,Referred to committee,04/30/2024,
AL,H.B.130,Curriculum censorship/Restricting Student & Educator Rights,Defeated,Legislative session ended,05/09/2024,
MN,S.F.5466,Re-definition of sex/Weakening Civil Rights Laws,Defeated,Legislative session ended,05/20/2024,
TN,H.B.2169,Religious exemptions/Weakening Civil Rights Laws,Advancing,Companion bill passed into law,04/11/2024,
MS,H.B. 1607,Re-definition of sex/Weakening Civil Rights Laws,Defeated,Died in Conference,04/29/2024,
MN,H.F.3926,Religious exemptions/Weakening Civil Rights Laws,Defeated,Legislative session ended,05/20/2024,
KS,HB 2436,Other anti-LGBTQ bills,Passed into Law,House and Senate Motion to override veto prevailed,04/29/2024,
KS,SB 233,Healthcare age restrictions/Healthcare Restrictions,Defeated,House Motion to override veto failed; Veto sustained,04/29/2024,
FL,H.B. 1425,Other anti-LGBTQ bills,Advancing,Signed by Officers and presented to Governor,04/16/2024,
AK,H.B. 382,Forced outing in schools/Restricting Student & Educator Rights/School facilities bans,Defeated,Legislative session ended,05/15/2024,
AZ,S.B.1182,Restricting Student & Educator Rights/School facilities bans,Advancing,Vetoed by Governor,04/23/2024,
AL,H.B.111,Re-definition of sex/Weakening Civil Rights Laws,Defeated,Legislative session ended,05/09/2024,
WI,SB 377,Restricting Student & Educator Rights/School sports bans,Defeated,Legislative session ended,03/12/2024,
WI,SB 489,Curriculum censorship/Other school restrictions/Restricting Student & Educator Rights,Defeated,Companion bill vetoed by Governor; Assembly failed to override veto,05/15/2024,
WI,SB 378,Restricting Student & Educator Rights/School sports bans,Defeated,Legislative session ended,03/12/2024,
TN,S.B.1738,Religious exemptions/Weakening Civil Rights Laws,Passed into Law,Signed by Governor,04/11/2024,
ME,LD 678,Other school restrictions/Restricting Student & Educator Rights,Defeated,Legislative session ended,04/17/2024,
ME,LD 930,Restricting Student & Educator Rights/School sports bans,Defeated,Legislative session ended,04/17/2024,
AZ,S.B.1628,Re-definition of sex/Weakening Civil Rights Laws,Advancing,Vetoed by Governor,04/16/2024,
AK,H.B. 338,Healthcare Restrictions/Other healthcare barriers,Defeated,Legislative session ended,05/15/2024,
IA,H.F.2704,Other anti-LGBTQ bills,Passed into Law,Companion bill passed into law,05/09/2024,
SC,H.B.5407,Restricting Student & Educator Rights/School facilities bans,Defeated,Legislative session ended,05/09/2024,
WI,SB 479,Healthcare Restrictions/Other healthcare barriers,Defeated,Legislative session ended,03/12/2024,
WI,SB 438,Other anti-LGBTQ bills,Defeated,Legislative session ended,03/12/2024,
WI,SB 480,Healthcare age restrictions/Healthcare Restrictions,Defeated,Companion bill vetoed by Governor; Assembly failed to override veto,05/15/2024,
WI,AB 447,Other anti-LGBTQ bills,Defeated,Legislative session ended,03/12/2024,
WI,S.B.922,Healthcare Restrictions/Other healthcare barriers,Defeated,Legislative session ended,03/12/2024,
WI,AB 609,Healthcare Restrictions/Other healthcare barriers,Defeated,Legislative session ended,03/12/2024,
WI,AB 502,Healthcare age restrictions/Healthcare Restrictions/Other healthcare barriers,Defeated,Legislative session ended,03/12/2024,
WI,AB 378,Restricting Student & Educator Rights/School sports bans,Defeated,Legislative session ended,03/12/2024,
ID,H.538,Forced outing in schools/Other anti-LGBTQ bills/Other school restrictions/Restricting Student & Educator Rights,Passed into Law,Governor signed,04/08/2024,
ID,H.421,Re-definition of sex/Weakening Civil Rights Laws,Passed into Law,Governor signed,04/09/2024,
FL,C.S./C.S./H.B. 433,Other civil rights restrictions/Weakening Civil Rights Laws,Passed into Law,Governor signed,04/11/2024,
TN,S.B.2350,Other anti-LGBTQ bills,Defeated,Legislative session ended,04/25/2024,
TN,H.B.1948,Other anti-LGBTQ bills,Defeated,Legislative session ended,04/25/2024,
NH,S.B.562,Other civil rights restrictions/Weakening Civil Rights Laws,Advancing,Pending Motion Ought to Pass,04/11/2024,
ID,S.1352,Religious exemptions/Weakening Civil Rights Laws,Passed into Law,Governor signed,03/21/2024,
RI,H.B.7884,Healthcare age restrictions/Healthcare funding restrictions/Healthcare Restrictions/Other healthcare barriers,Advancing,Scheduled for hearing and/or consideration,04/09/2024,
RI,H.B.7727,Restricting Student & Educator Rights/School sports bans,Advancing,Scheduled for hearing and/or consideration,04/10/2024,
OH,HB 183,Restricting Student & Educator Rights/School facilities bans,Advancing,Fifth committee hearing,04/10/2024,
NH,S.B.304,Healthcare Restrictions/Other healthcare barriers,Advancing,Referred to Interim Study,04/05/2024,
NE,LB 575,Restricting Student & Educator Rights/School facilities bans/School sports bans,Defeated,Legislative session ended,04/18/2024,
OK,H.B.3214,Religious exemptions/Weakening Civil Rights Laws,Advancing,House passed; Failed in Senate committee,04/04/2024,
MS,H.B. 585,Other anti-LGBTQ bills,Defeated,House passed; Died in Senate committee,04/02/2024,
IA,S.F.2095,Religious exemptions/Weakening Civil Rights Laws,Passed into Law,Governor signed,04/02/2024,
WY,S.F.0099,Healthcare age restrictions/Healthcare Restrictions,Passed into Law,Governor signed,03/22/2024,
WV,H.B.4233,Barriers to Accurate IDs,Passed into Law,Governor signed,03/27/2024,
UT,H.B.157,Healthcare Restrictions/Other healthcare barriers,Passed into Law,Governor signed,03/14/2024,
UT,H.B.316,Other anti-LGBTQ bills,Passed into Law,Governor signed,03/18/2024,
UT,H.B.396,Religious exemptions/Weakening Civil Rights Laws,Passed into Law,Governor signed,03/19/2024,
UT,S.B.150,Religious exemptions/Weakening Civil Rights Laws,Passed into Law,Governor signed,03/21/2024,
TN,HB 1386,Other anti-LGBTQ bills,Defeated,Legislative session ended,04/25/2024,
TN,SB 596,Religious exemptions/Weakening Civil Rights Laws,Advancing,Companion bill passed into law,03/15/2024,
TN,HB 878,Religious exemptions/Weakening Civil Rights Laws,Passed into Law,Signed by Governor,02/21/2024,
TN,SB 1110,Other anti-LGBTQ bills,Defeated,Legislative session ended,04/25/2024,
OK,H.B.3022,Other anti-LGBTQ bills,Advancing,House passed; Senate second read and referred to committee,03/19/2024,
NH,H.B.1664,Healthcare Restrictions/Other healthcare barriers,Advancing,Indefinitely postponed,03/21/2024,
KY,S.B.239,Religious exemptions/Weakening Civil Rights Laws,Defeated,Legislative session ended,04/15/2024,
KY,H.B.304,Curriculum censorship/Forced outing in schools/Other school restrictions/Restricting Student & Educator Rights,Defeated,Legislative session ended,04/15/2024,
KY,S.B.147,Drag bans/Free Speech & Expression Bans,Defeated,Legislative session ended,04/15/2024,
KY,H.B.47,Religious exemptions/Weakening Civil Rights Laws,Defeated,Legislative session ended,04/15/2024,
ID,H.578,Religious exemptions/Weakening Civil Rights Laws,Passed into Law,Governor signed,03/25/2024,
ID,H.668,Healthcare funding restrictions/Healthcare Restrictions/Other healthcare barriers/Prison healthcare restrictions,Passed into Law,Governor signed,03/27/2024,
IA,S.F.2286,Religious exemptions/Weakening Civil Rights Laws,Defeated,Legislative session ended,04/20/2024,
GA,H.B.1170,Healthcare age restrictions/Healthcare Restrictions,Advancing,Passed House and Senate as substituted,03/28/2024,
AZ,S.B.1166,Forced outing in schools/Religious exemptions/Restricting Student & Educator Rights/Weakening Civil Rights Laws,Advancing,Senate passed as amended; House First Majority and Minority Caucus Consent,03/26/2024,
AL,S.B.129,Other anti-LGBTQ bills/Other school restrictions/Restricting Student & Educator Rights,Passed into Law,Governor signed,03/20/2024,
SC,S.B.1213,Restricting Student & Educator Rights/School facilities bans,Defeated,Legislative session ended,05/09/2024,
PA,H.B.2157,Healthcare Restrictions/Other healthcare barriers,Advancing,Referred to committee,03/25/2024,
MN,S.F.5144,Re-definition of sex/Weakening Civil Rights Laws,Defeated,Legislative session ended,05/20/2024,
MN,H.F.5128,Re-definition of sex/Weakening Civil Rights Laws,Defeated,Legislative session ended,05/20/2024,
GA,H.B.1104,Curriculum censorship/Restricting Student & Educator Rights/School facilities bans/School sports bans,Defeated,Legislative session ended,03/28/2024,
AZ,S.B.1005,Other anti-LGBTQ bills,Advancing,Passed Senate; House Majority and Minority Caucus Consent,03/12/2024,
OR,H.B.4054,Restricting Student & Educator Rights/School sports bans,Defeated,In committee upon adjournment,03/07/2024,
OR,H.B.4037,Forced outing in schools/Healthcare age restrictions/Healthcare Restrictions/Restricting Student & Educator Rights,Defeated,In committee upon adjournment,03/07/2024,
OR,H.B.4143,Other anti-LGBTQ bills/Public Accommodation Bans/Restricting Student & Educator Rights/School facilities bans/School sports bans,Defeated,In committee upon adjournment,03/07/2024,
NH,H.B.1356,Forced outing in schools/Other school restrictions/Religious exemptions/Restricting Student & Educator Rights/Weakening Civil Rights Laws,Defeated,Inexpedient to Legislate,03/07/2024,
IA,S.F.2263,Other anti-LGBTQ bills,Defeated,Legislative session ended,04/20/2024,
WY,S.F.0098,Healthcare Restrictions/Other healthcare barriers,Defeated,Senate passed; House did not consider for introduction and legislative session ended,03/08/2024,
WY,S.F.0094,Other anti-LGBTQ bills,Defeated,Senate passed; House did not consider for introduction and legislative session ended,03/08/2024,
WY,S.F.0130,Other anti-LGBTQ bills/Other school restrictions/Restricting Student & Educator Rights,Defeated,Passed Senate; House did not consider for introduction and legislative session ended,03/08/2024,
WY,S.F.0009,Curriculum censorship/Restricting Student & Educator Rights,Passed into Law,Governor signed,03/05/2024,
WV,S.B.601,Public Accommodation Bans/Re-definition of sex/Weakening Civil Rights Laws,Defeated,Legislative session ended,03/09/2024,
TN,H.B.2816,Healthcare Restrictions/Other healthcare barriers,Defeated,Legislative session ended,04/25/2024,
TN,S.B.2396,Healthcare Restrictions/Other healthcare barriers,Defeated,Legislative session ended,04/25/2024,
NH,H.B.1185,Curriculum censorship/Restricting Student & Educator Rights,Advancing,Referred for Interim Study,03/07/2024,
MS,H.B. 1605,Forced outing in schools/Other school restrictions/Restricting Student & Educator Rights,Defeated,Died in committee,03/05/2024,
MS,S.B. 2118,Other anti-LGBTQ bills,Defeated,Died in committee,03/05/2024,
MS,S.B. 2237,Religious exemptions/Weakening Civil Rights Laws,Defeated,Died in committee,03/05/2024,
MS,H.B. 1358,Re-definition of sex/Weakening Civil Rights Laws,Defeated,Died in committee,03/05/2024,
MS,S.B. 2553,Forced outing in schools/Other school restrictions/Restricting Student & Educator Rights,Defeated,Died in committee,03/05/2024,
MS,H.B. 1606,Other anti-LGBTQ bills/Other school restrictions/Re-definition of sex/Restricting Student & Educator Rights/Weakening Civil Rights Laws,Defeated,Died in committee,03/05/2024,
MS,S.B. 2080,Healthcare age restrictions/Healthcare Restrictions,Defeated,Died in committee,03/05/2024,
MS,H.B. 1069,Religious exemptions/Weakening Civil Rights Laws,Defeated,Died in committee,03/05/2024,
MS,S.B. 2814,Re-definition of sex/Weakening Civil Rights Laws,Defeated,Died in committee,03/05/2024,
MS,S.B. 2812,Re-definition of sex/Weakening Civil Rights Laws,Defeated,Died in committee,03/05/2024,
MS,H.B. 176,Forced outing in schools/Other school restrictions/Restricting Student & Educator Rights,Defeated,Died in committee,03/05/2024,
MS,S.B. 2029,Healthcare funding restrictions/Healthcare Restrictions,Defeated,Died in committee,03/05/2024,
MS,H.B. 1428,Public Accommodation Bans/Re-definition of sex/Restricting Student & Educator Rights/School facilities bans/Weakening Civil Rights Laws,Defeated,Died in committee,03/05/2024,
MS,H.B. 725,Other anti-LGBTQ bills,Defeated,Died in committee,03/05/2024,
MS,S.B. 2594,Other anti-LGBTQ bills,Defeated,Died in committee,03/05/2024,
ID,S.1362,Free Speech & Expression Bans/Other expression restrictions/Other school restrictions/Restricting Student & Educator Rights,Defeated,Legislative session ended,04/10/2024,
GA,SB 180,Religious exemptions/Weakening Civil Rights Laws,Defeated,Legislative session ended,03/28/2024,
MN,H.F.4503,Other school restrictions/Restricting Student & Educator Rights,Defeated,Legislative session ended,05/20/2024,
MN,S.F.4616,Other school restrictions/Restricting Student & Educator Rights,Defeated,Legislative session ended,05/20/2024,
UT,H.B.253,Public Accommodation Bans/Restricting Student & Educator Rights/School facilities bans,Defeated,Legislative session ended,03/01/2024,
UT,H.B.303,Free Speech & Expression Bans/Other expression restrictions/Other school restrictions/Restricting Student & Educator Rights,Defeated,Legislative session ended,03/01/2024,
UT,H.B.224,Healthcare age restrictions/Healthcare Restrictions,Defeated,Legislative session ended,03/01/2024,
UT,H.B.527,Other school restrictions/Religious exemptions/Restricting Student & Educator Rights/Weakening Civil Rights Laws,Defeated,Legislative session ended,03/01/2024,
RI,S.B.2423,Religious exemptions/Weakening Civil Rights Laws,Advancing,Scheduled for hearing,03/05/2024,
MO,H.B. 2309,Other anti-LGBTQ bills,Advancing,Committee substitute favorably reported,02/28/2024,
KY,S.B.336,Re-definition of sex/Weakening Civil Rights Laws,Defeated,Legislative session ended,04/15/2024,
ID,H.669,Other anti-LGBTQ bills,Defeated,Legislative session ended,04/10/2024,
FL,H.B. 1639,Barriers to Accurate IDs,Defeated,Died in committee,03/08/2024,
RI,S.B.2703,Healthcare age restrictions/Healthcare funding restrictions/Healthcare Restrictions/Other healthcare barriers,Advancing,Referred to committee,03/01/2024,
RI,S.B.2660,Restricting Student & Educator Rights/School sports bans,Advancing,Referred to committee,03/01/2024,
OK,S.B.1530,Re-definition of sex/Weakening Civil Rights Laws,Advancing,Reported favorably by committee; CR filed,02/29/2024,
WV,H.B.5297,Healthcare age restrictions/Healthcare Restrictions,Defeated,Legislative session ended,03/09/2024,
MO,S.B. 980,Other anti-LGBTQ bills,Advancing,Committee hearing,02/29/2024,
ID,H.520,Healthcare funding restrictions/Healthcare Restrictions/Prison healthcare restrictions,Defeated,Legislative session ended,04/10/2024,
IA,H.F.2454,Religious exemptions/Weakening Civil Rights Laws,Passed into Law,Companion bill passed into law,04/02/2024,
GA,S.B.532,Curriculum censorship/Restricting Student & Educator Rights,Defeated,Legislative session ended,02/29/2024,
FL,S.B. 1352,Other anti-LGBTQ bills,Advancing,"Laid on table, substituted for HB 1425",03/01/2024,
ID,H.672,Religious exemptions/Weakening Civil Rights Laws,Defeated,Legislative session ended,04/10/2024,
SC,S.B.0332,Other anti-LGBTQ bills,Defeated,Legislative session ended,05/09/2024,
WV,S.B.870,Other anti-LGBTQ bills/Other school restrictions/Restricting Student & Educator Rights,Defeated,Legislative session ended,03/09/2024,
AZ,S.C.R.1013,Forced outing in schools/Religious exemptions/Restricting Student & Educator Rights/School facilities bans/Weakening Civil Rights Laws,Advancing,Third reading failed,02/26/2024,
MO,H.B. 2569,Other anti-LGBTQ bills,Advancing,Committee substitute passed,02/21/2024,
WV,S.B.517,Barriers to Accurate IDs,Defeated,Legislative session ended,03/09/2024,
WV,H.B.5656,Other anti-LGBTQ bills,Defeated,Legislative session ended,03/09/2024,
MO,H.B. 2567,Other anti-LGBTQ bills,Advancing,Public hearing completed,02/13/2024,
ID,S.1357,Other anti-LGBTQ bills,Defeated,Legislative session ended,04/10/2024,
OK,H.B.3120,Curriculum censorship/Forced outing in schools/Other school restrictions/Restricting Student & Educator Rights,Advancing,Reported favorably as amended by committee substitute,02/22/2024,
MO,H.B. 2448,Other anti-LGBTQ bills,Advancing,Reported favorably by committee,02/21/2024,
MO,H.B. 2365,Other anti-LGBTQ bills,Advancing,Reported favorably by committee,02/21/2024,
KS,H.B.2792,Healthcare age restrictions/Healthcare Restrictions,Defeated,Legislative session ended,04/30/2024,
AZ,S.B.1167,Other anti-LGBTQ bills,Advancing,Senate passed; House second read,02/21/2024,
KY,H.B.652,Other school restrictions/Restricting Student & Educator Rights,Defeated,Legislative session ended,04/15/2024,
MN,S.F.3848,Religious exemptions/Weakening Civil Rights Laws,Defeated,Legislative session ended,05/20/2024,
KS,S.B.409,Other civil rights restrictions/Weakening Civil Rights Laws,Defeated,Legislative session ended,04/30/2024,
WY,H.B.0061,Curriculum censorship/Other school restrictions/Restricting Student & Educator Rights,Defeated,Failed introduction,02/16/2024,
WY,H.B.0136,Restricting Student & Educator Rights/School sports bans,Defeated,Failed introduction,02/16/2024,
WY,H.B.0190,Curriculum censorship/Forced outing in schools/Restricting Student & Educator Rights,Defeated,Failed introduction,02/16/2024,
WY,H.B.0178,Religious exemptions/Weakening Civil Rights Laws,Defeated,Failed introduction,02/16/2024,
NH,H.B.1419,Other school restrictions/Restricting Student & Educator Rights,Advancing,Indefinitely postponed,02/15/2024,
KS,H.B.2791,Healthcare age restrictions/Healthcare Restrictions/Other healthcare barriers,Defeated,Legislative session ended,04/30/2024,
GA,S.B.519,Healthcare age restrictions/Healthcare Restrictions,Defeated,Legislative session ended,03/28/2024,
GA,SB 88,Curriculum censorship/Other school restrictions/Restricting Student & Educator Rights,Defeated,Legislative session ended,03/28/2024,
WY,H.B.0156,Healthcare Restrictions/Other healthcare barriers,Defeated,Failed introduction,02/16/2024,
WY,H.B.0050,Re-definition of sex/Weakening Civil Rights Laws,Defeated,Failed introduction,02/15/2024,
WY,H.B.0063,Healthcare age restrictions/Healthcare Restrictions,Defeated,Failed introduction,02/14/2024,
IA,HF 290,Barriers to Accurate IDs/Re-definition of sex/Weakening Civil Rights Laws,Defeated,Legislative session ended,04/20/2024,
MN,S.F.4017,Healthcare age restrictions/Healthcare Restrictions/Other healthcare barriers/Restricting Student & Educator Rights/School sports bans,Defeated,Legislative session ended,05/20/2024,
WV,S.B.515,Curriculum censorship/Forced outing in schools/Restricting Student & Educator Rights,Defeated,Legislative session ended,03/09/2024,
MO,H.B. 1700,Other anti-LGBTQ bills,Advancing,Public hearing,02/13/2024,
KY,H.B.9,Other anti-LGBTQ bills,Defeated,Legislative session ended,04/15/2024,
ID,H.560,Other anti-LGBTQ bills,Defeated,Legislative session ended,04/10/2024,
VA,H.B. 1229,Public Accommodation Bans/Restricting Student & Educator Rights/School facilities bans/School sports bans,Advancing,"Legislative session adjourned, carries over to 2025",03/09/2024,
VA,H.B. 8,Healthcare Restrictions/Other healthcare barriers/Religious exemptions/Weakening Civil Rights Laws,Advancing,"Legislative session adjourned, carries over to 2025",04/09/2024,
VA,H.B. 1120,Restricting Student & Educator Rights/School sports bans,Advancing,"Legislative session adjourned, carries over to 2025",03/09/2024,
VA,H.J. 86,Re-definition of sex/Weakening Civil Rights Laws,Advancing,"Legislative session adjourned, carries over to 2025",03/09/2024,
WV,H.B.5243,Public Accommodation Bans/Re-definition of sex/Weakening Civil Rights Laws,Defeated,Legislative session ended,03/09/2024,
KS,S.B.512,Other anti-LGBTQ bills,Defeated,Legislative session ended,04/30/2024,
IA,S.S.B.3006,Religious exemptions/Weakening Civil Rights Laws,Defeated,Legislative session ended,04/20/2024,
IA,S.S.B.3084,Forced outing in schools/Other school restrictions/Restricting Student & Educator Rights,Defeated,Legislative session ended,04/20/2024,
IA,H.S.B.649,Barriers to Accurate IDs/Re-definition of sex/Weakening Civil Rights Laws,Defeated,Legislative session ended,04/20/2024,
IA,H.S.B.614,Religious exemptions/Weakening Civil Rights Laws,Defeated,Legislative session ended,04/20/2024,
TN,S.B.2747,Religious exemptions/Weakening Civil Rights Laws,Defeated,Legislative session ended,04/25/2024,
GA,H.B.1205,Other anti-LGBTQ bills,Defeated,Legislative session ended,03/28/2024,
MD,H.B.0047,Restricting Student & Educator Rights/School sports bans,Defeated,Legislative session ended,04/08/2024,
VA,H.B. 670,Forced outing in schools/Other anti-LGBTQ bills/Restricting Student & Educator Rights,Advancing,"Legislative session adjourned, carries over to 2025",03/09/2024,
VA,S.B. 68,Restricting Student & Educator Rights/School sports bans,Advancing,"Legislative session adjourned, carries over to 2025",03/09/2024,
VA,S.B. 671,Healthcare age restrictions/Healthcare Restrictions,Advancing,"Legislative session adjourned, carries over to 2025",03/09/2024,
VA,S.B. 723,Restricting Student & Educator Rights/School sports bans,Advancing,"Legislative session adjourned, carries over to 2025",03/09/2024,
VA,S.B. 37,Forced outing in schools/Other anti-LGBTQ bills/Restricting Student & Educator Rights,Advancing,"Legislative session adjourned, carries over to 2025",03/09/2024,
VA,S.B. 153,Religious exemptions/Weakening Civil Rights Laws,Advancing,"Legislative session adjourned, carries over to 2025",03/09/2024,
SD,S.B.184,Drag bans/Free Speech & Expression Bans,Defeated,Legislative session ended,03/26/2024,
TN,SB 620,Curriculum censorship/Forced outing in schools/Other school restrictions/Restricting Student & Educator Rights,Defeated,Legislative session ended,04/25/2024,
TN,S.B.2560,Other anti-LGBTQ bills,Defeated,Legislative session ended,04/25/2024,
NE,L.B.1330,Other anti-LGBTQ bills,Defeated,Legislative session ended,04/18/2024,
GA,H.B.1128,Re-definition of sex/Weakening Civil Rights Laws,Defeated,Legislative session ended,03/28/2024,
TN,H.B.2935,Religious exemptions/Weakening Civil Rights Laws,Defeated,Legislative session ended,04/25/2024,
TN,H.B.2669,Other anti-LGBTQ bills,Defeated,Legislative session ended,04/25/2024,
IA,H.F.2409,Other anti-LGBTQ bills,Defeated,Legislative session ended,04/20/2024,
IA,H.F.2389,Barriers to Accurate IDs/Re-definition of sex/Weakening Civil Rights Laws,Defeated,Legislative session ended,04/20/2024,
WV,H.B.5484,Curriculum censorship/Restricting Student & Educator Rights,Defeated,Legislative session ended,03/09/2024,
OK,H.B.3219,Barriers to Accurate IDs,Advancing,Second read and referred to committee,02/06/2024,
FL,S.B. 1780,Other civil rights restrictions/Religious exemptions/Weakening Civil Rights Laws,Defeated,Died in committee,03/08/2024,
OK,H.B.3135,Curriculum censorship/Other anti-LGBTQ bills/Restricting Student & Educator Rights,Defeated,Failed to meet House deadline,02/29/2024,
OK,H.B.3217,Free Speech & Expression Bans/Other expression restrictions,Advancing,Second read and referred to committee,02/06/2024,
OK,H.B.3543,Religious exemptions/Weakening Civil Rights Laws,Defeated,Failed to meet Senate deadline,02/29/2024,
IA,S.F.2182,Other school restrictions/Restricting Student & Educator Rights,Defeated,Legislative session ended,04/20/2024,
HI,H.B.2731,Restricting Student & Educator Rights/School sports bans,Defeated,Legislative session ended,05/03/2024,
HI,H.B.1715,Forced outing in schools/Restricting Student & Educator Rights,Defeated,Legislative session ended,05/03/2024,
VA,S.J. 49,Re-definition of sex/Weakening Civil Rights Laws,Advancing,"Legislative session adjourned, carries over to 2025",03/09/2024,
WV,H.B.5442,Other school restrictions/Re-definition of sex/Restricting Student & Educator Rights/Weakening Civil Rights Laws,Defeated,Legislative session ended,03/09/2024,
FL,S.B. 1120,Free Speech & Expression Bans/Other expression restrictions,Defeated,Died in committee,03/08/2024,
GA,S.B.438,Restricting Student & Educator Rights/School facilities bans/School sports bans,Defeated,Legislative session ended,03/28/2024,
MO,H.B. 1519,Healthcare Restrictions/Other healthcare barriers/Religious exemptions/Weakening Civil Rights Laws,Advancing,Reported favorably by committee as substituted,01/31/2024,
MO,H.B. 2355,Forced outing in schools/Restricting Student & Educator Rights/School facilities bans,Advancing,Reported favorably by committee as substituted,01/31/2024,
MO,H.B. 2357,Forced outing in schools/Restricting Student & Educator Rights/School facilities bans,Advancing,Reported favorably by committee as substituted,01/31/2024,
HI,H.B.2708,Restricting Student & Educator Rights/School sports bans,Defeated,Legislative session ended,05/03/2024,
IL,H.B.4531,Re-definition of sex/Weakening Civil Rights Laws,Advancing,Referred to committee,01/31/2024,
OK,HB 1011,Healthcare age restrictions/Healthcare Restrictions/Other healthcare barriers,Defeated,Failed to meet House deadline,02/29/2024,
PA,HB 138,Healthcare Restrictions/Other healthcare barriers,Advancing,First read and referred to committee,03/07/2023,
TN,HB 30,Drag bans/Free Speech & Expression Bans,Defeated,Legislative session ended,04/25/2024,
SC,S.B.0975,Religious exemptions/Weakening Civil Rights Laws,Defeated,Legislative session ended,05/09/2024,
NH,H.B.1011,Healthcare age restrictions/Healthcare Restrictions,Introduced,Inexpedient to Legislate: MA VV 02/01/2024 HJ 3,02/01/2024,
UT,H.B.257,Other anti-LGBTQ bills/Public Accommodation Bans/Re-definition of sex/Restricting Student & Educator Rights/School facilities bans/Weakening Civil Rights Laws,Passed into Law,Governor signed,01/30/2024,
AZ,S.B.1337,Other anti-LGBTQ bills,Advancing,Second read,01/31/2024,
OH,HB 68,Healthcare age restrictions/Healthcare Restrictions,Passed into Law,House and Senate override of Governor veto,01/24/2024,
KY,H.B.452,Other anti-LGBTQ bills,Defeated,Legislative session ended,04/15/2024,
NM,H.B. 296,Forced outing in schools/Other school restrictions/Restricting Student & Educator Rights,Defeated,Legislative session ended,02/15/2024,
KY,H.B.402,Drag bans/Free Speech & Expression Bans,Defeated,Legislative session ended,04/15/2024,
UT,H.B.261,Other anti-LGBTQ bills,Passed into Law,Governor signed,01/30/2024,
IA,S.F.2129,Religious exemptions/Weakening Civil Rights Laws,Defeated,Legislative session ended,04/20/2024,
GA,H.B.1045,Curriculum censorship/Forced outing in schools/Restricting Student & Educator Rights,Defeated,Legislative session ended,03/28/2024,
IL,H.B.4302,Healthcare Restrictions/Other healthcare barriers,Advancing,Referred to committee,01/16/2024,
WV,H.B.5041,Other anti-LGBTQ bills,Defeated,Legislative session ended,03/09/2024,
NJ,A.410,Other school restrictions/Restricting Student & Educator Rights,Introduced,Referred to committee,01/09/2024,
NJ,S.1329,Other school restrictions/Restricting Student & Educator Rights,Introduced,Referred to committee,01/09/2024,
IN,H.B.1266,Religious exemptions/Weakening Civil Rights Laws,Defeated,Legislative session ended,03/08/2024,
MO,S.B. 1256,Forced outing in schools/Other school restrictions/Religious exemptions/Restricting Student & Educator Rights/Weakening Civil Rights Laws,Advancing,Second read and referred to committee,01/25/2024,
MO,S.B. 1234,Other anti-LGBTQ bills,Advancing,Second read and referred to committee,01/25/2024,
MO,S.B. 974,Restricting Student & Educator Rights/School facilities bans,Advancing,Second read and referred to committee,01/25/2024,
MO,S.B. 1187,Drag bans/Free Speech & Expression Bans,Advancing,Second read and referred to committee,01/25/2024,
MO,S.B. 1185,Healthcare age restrictions/Healthcare Restrictions,Advancing,Second read and referred to committee,01/25/2024,
MO,S.B. 1314,Other anti-LGBTQ bills,Advancing,Second read and referred to committee,01/25/2024,
MO,S.B. 1246,Restricting Student & Educator Rights/School sports bans,Advancing,Second read and referred to committee,01/25/2024,
MO,S.B. 1274,Restricting Student & Educator Rights/School facilities bans,Advancing,Second read and referred to committee,01/25/2024,
MO,S.B. 1024,Curriculum censorship/Restricting Student & Educator Rights,Advancing,Second read and referred to committee,01/25/2024,
WV,H.B.4806,Restricting Student & Educator Rights/School facilities bans,Defeated,Legislative session ended,03/09/2024,
OK,S.B.1883,Religious exemptions/Weakening Civil Rights Laws,Defeated,Failed to meet Senate deadline,02/29/2024,
OK,S.B.1880,Other school restrictions/Restricting Student & Educator Rights,Defeated,Failed to meet Senate deadline,02/29/2024,
OK,S.B.1731,Re-definition of sex/Weakening Civil Rights Laws,Defeated,Failed to meet Senate deadline,02/29/2024,
MO,H.B. 1674,Other anti-LGBTQ bills,Advancing,Action postponed,01/24/2024,
MO,H.B. 2308,Other anti-LGBTQ bills/Restricting Student & Educator Rights/School facilities bans,Advancing,Action postponed,01/24/2024,
IN,S.B.0193,Religious exemptions/Weakening Civil Rights Laws,Defeated,Legislative session ended,03/08/2024,
IA,S.S.B.3094,Other anti-LGBTQ bills,Defeated,Legislative session ended,04/20/2024,
IA,H.F.2082,Other civil rights restrictions/Weakening Civil Rights Laws,Defeated,Legislative session ended,04/20/2024,
AZ,H.B.2657,Curriculum censorship/Forced outing in schools/Other anti-LGBTQ bills/Restricting Student & Educator Rights,Advancing,Second read,01/24/2024,
AZ,H.B.2655,Other school restrictions/Restricting Student & Educator Rights,Advancing,Second read,01/24/2024,
OK,S.B.1891,Barriers to Accurate IDs,Defeated,Failed to meet Senate deadline,02/29/2024,
OK,S.B.1563,Curriculum censorship/Forced outing in schools/Other school restrictions/Restricting Student & Educator Rights,Defeated,Failed to meet Senate deadline,02/29/2024,
OK,S.B.1777,Healthcare funding restrictions/Healthcare Restrictions,Defeated,Failed to meet Senate deadline,02/29/2024,
OK,S.B.1981,Curriculum censorship/Restricting Student & Educator Rights,Defeated,Failed to meet Senate deadline,02/29/2024,
OK,S.B.1730,Healthcare Restrictions/Other healthcare barriers,Defeated,Failed to meet Senate deadline,02/29/2024,
NJ,S.419,Other school restrictions/Restricting Student & Educator Rights,Introduced,Referred to committee,01/09/2024,
WV,H.B.4898,Religious exemptions/Weakening Civil Rights Laws,Defeated,Legislative session ended,03/09/2024,
KY,H.B.390,Re-definition of sex/Weakening Civil Rights Laws,Defeated,Legislative session ended,04/15/2024,
OK,S.B.455,Other anti-LGBTQ bills,Defeated,Failed to meet Senate deadline,02/29/2024,
OK,S.B.202,Other civil rights restrictions/Re-definition of sex/Weakening Civil Rights Laws,Defeated,Failed to meet Senate deadline,02/29/2024,
OK,S.B.251,Re-definition of sex/Weakening Civil Rights Laws,Defeated,Failed to meet Senate deadline,02/29/2024,
WV,S.B.560,Religious exemptions/Weakening Civil Rights Laws,Defeated,Legislative session ended,03/09/2024,
WV,H.B.5184,Other anti-LGBTQ bills,Defeated,Legislative session ended,03/09/2024,
WV,H.B.5187,Healthcare age restrictions/Healthcare Restrictions,Defeated,Legislative session ended,03/09/2024,
KY,H.B.358,Barriers to Accurate IDs,Defeated,Legislative session ended,04/15/2024,
OK,S.B.1831,Re-definition of sex/Weakening Civil Rights Laws,Defeated,Failed to meet Senate deadline,02/29/2024,
NM,H.B. 205,Other civil rights restrictions/Weakening Civil Rights Laws,Defeated,Legislative session ended,02/15/2024,
ID,H.419,Healthcare funding restrictions/Healthcare Restrictions,Defeated,Legislative session ended,04/10/2024,
HI,H.B.1740,Restricting Student & Educator Rights/School sports bans,Defeated,Legislative session ended,05/03/2024,
MD,S.B.0381,Restricting Student & Educator Rights/School sports bans,Defeated,Legislative session ended,04/08/2024,
MO,S.B. 728,Forced outing in schools/Other school restrictions/Restricting Student & Educator Rights,Advancing,Reported favorably by committee as substituted,01/23/2024,
IA,S.F.2055,Public Accommodation Bans,Defeated,Legislative session ended,04/20/2024,
AZ,H.B.2391,Re-definition of sex/Weakening Civil Rights Laws,Advancing,Second read,01/22/2024,
IL,H.B.4122,Other civil rights restrictions/Weakening Civil Rights Laws,Introduced,Carried over,01/16/2024,
FL,H.B. 901,Free Speech & Expression Bans/Other expression restrictions,Defeated,Died in committee,03/08/2024,
SC,H.B.4663,Other anti-LGBTQ bills,Defeated,Legislative session ended,05/09/2024,
WV,H.B.5036,Other anti-LGBTQ bills,Defeated,Legislative session ended,03/09/2024,
KY,H.B.49,Religious exemptions/Weakening Civil Rights Laws,Defeated,Legislative session ended,04/15/2024,
FL,H.B. 1233,Barriers to Accurate IDs/Other anti-LGBTQ bills/Re-definition of sex/Weakening Civil Rights Laws,Defeated,Died in committee,03/08/2024,
FL,H.B. 1663,Other anti-LGBTQ bills,Defeated,Died in subcommittee,03/08/2024,
OK,S.B.1303,Other anti-LGBTQ bills,Defeated,Failed to meet Senate deadline,02/29/2024,
WV,H.B.4923,Healthcare age restrictions/Healthcare Restrictions/Other healthcare barriers,Defeated,Legislative session ended,03/09/2024,
WV,H.B.4922,Healthcare age restrictions/Healthcare Restrictions,Defeated,Legislative session ended,03/09/2024,
NJ,A.531,Curriculum censorship/Restricting Student & Educator Rights,Introduced,,01/10/2024,
NJ,A.775,Restricting Student & Educator Rights/School sports bans,Introduced,,01/09/2024,
WV,H.B.4857,Healthcare age restrictions/Healthcare funding restrictions/Healthcare Restrictions,Defeated,Legislative session ended,03/09/2024,
WV,H.B.4884,Religious exemptions/Weakening Civil Rights Laws,Defeated,Legislative session ended,03/09/2024,
KS,S.B.353,Healthcare age restrictions/Healthcare Restrictions,Defeated,Legislative session ended,04/30/2024,
SC,S.B.0743,Curriculum censorship/Forced outing in schools/Other school restrictions/Restricting Student & Educator Rights,Defeated,Legislative session ended,05/09/2024,
NJ,A.670,Curriculum censorship/Restricting Student & Educator Rights,Introduced,,01/10/2024,
KY,S.B.93,Other school restrictions/Restricting Student & Educator Rights,Defeated,Legislative session ended,04/15/2024,
WA,S.B. 6026,Forced outing in schools/Religious exemptions/Restricting Student & Educator Rights/Weakening Civil Rights Laws,Defeated,Legislative session ended,03/07/2024,
IN,S.B.0028,Other anti-LGBTQ bills,Defeated,Legislative session ended,03/08/2024,
RI,S.B.2081,Religious exemptions/Weakening Civil Rights Laws,Advancing,Referred to committee,01/12/2024,
IL,H.B.4096,Healthcare age restrictions/Healthcare Restrictions/Other healthcare barriers,Introduced,Carried over,01/16/2024,
WA,HB 1233,Other anti-LGBTQ bills,Defeated,Legislative session ended,03/07/2024,
WA,SB 5653,Curriculum censorship/Forced outing in schools/Restricting Student & Educator Rights,Defeated,Legislative session ended,03/07/2024,
PT,PS 1345,Religious exemptions/Weakening Civil Rights Laws,Introduced,Carried over,01/08/2024,
PT,PC 1887,Religious exemptions/Weakening Civil Rights Laws,Advancing,Carried over,01/08/2024,
FL,H.B. 599,Other anti-LGBTQ bills/Religious exemptions/Weakening Civil Rights Laws,Defeated,Died in subcommittee,03/08/2024,
FL,S.B. 1722,Other anti-LGBTQ bills,Defeated,Died in committee,03/08/2024,
FL,S.B. 1382,Other anti-LGBTQ bills/Religious exemptions/Weakening Civil Rights Laws,Defeated,Died in committee,03/08/2024,
IN,H.B.1406,Other anti-LGBTQ bills,Defeated,Legislative session ended,03/08/2024,
IN,H.B.1291,Barriers to Accurate IDs/Re-definition of sex/Weakening Civil Rights Laws,Defeated,Legislative session ended,03/08/2024,
MO,S.B. 868,Forced outing in schools/Other school restrictions/Religious exemptions/Restricting Student & Educator Rights/Weakening Civil Rights Laws,Advancing,Second read and referred to committee,01/11/2024,
MO,S.B. 726,Healthcare age restrictions/Healthcare Restrictions,Advancing,Second read and referred to committee,01/08/2024,
MO,S.B. 776,Healthcare age restrictions/Healthcare Restrictions,Advancing,Second read and referred to committee,01/09/2024,
MO,S.B. 770,Curriculum censorship/Restricting Student & Educator Rights/School sports bans,Advancing,Committee hearing cancelled,01/17/2024,
NJ,S.1331,Restricting Student & Educator Rights/School sports bans,Introduced,Pre-filed and referred to committee,01/09/2024,
WV,H.B.4387,Other anti-LGBTQ bills,Defeated,Legislative session ended,03/09/2024,
WV,H.B.4579,Other school restrictions/Restricting Student & Educator Rights,Defeated,Legislative session ended,03/09/2024,
WV,S.B.194,Healthcare age restrictions/Healthcare funding restrictions/Healthcare Restrictions,Defeated,Legislative session ended,03/09/2024,
WV,H.B.4357,Healthcare age restrictions/Healthcare Restrictions,Advancing,Referred to committee,01/10/2024,
WV,H.B.4421,Drag bans/Free Speech & Expression Bans,Defeated,Legislative session ended,03/09/2024,
WV,S.B.224,Drag bans/Free Speech & Expression Bans,Defeated,Legislative session ended,03/09/2024,
WA,H.B. 2241,Healthcare age restrictions/Healthcare Restrictions,Defeated,Legislative session ended,03/07/2024,
VT,H 183,Religious exemptions/Weakening Civil Rights Laws,Advancing,First read and referred to committee,03/07/2023,
VT,H 513,Restricting Student & Educator Rights/School sports bans,Introduced,Carried over,01/03/2024,
TN,HB 1411,Other school restrictions/Restricting Student & Educator Rights,Defeated,Legislative session ended,04/25/2024,
TN,SB 5,Healthcare age restrictions/Healthcare Restrictions,Defeated,Legislative session ended,04/25/2024,
TN,HB 571,Other anti-LGBTQ bills,Defeated,Legislative session ended,04/25/2024,
TN,HB 1447,Healthcare age restrictions/Healthcare Restrictions,Defeated,Legislative session ended,04/25/2024,
TN,HB 1414,Curriculum censorship/Forced outing in schools/Other school restrictions/Restricting Student & Educator Rights,Defeated,Legislative session ended,04/25/2024,
TN,HB 1378,Healthcare age restrictions/Healthcare Restrictions,Defeated,Legislative session ended,04/25/2024,
TN,SB 1469,Healthcare age restrictions/Healthcare Restrictions,Defeated,Legislative session ended,04/25/2024,
TN,SB 841,Drag bans/Free Speech & Expression Bans,Defeated,Legislative session ended,04/25/2024,
TN,SB 603,Other anti-LGBTQ bills,Defeated,Legislative session ended,04/25/2024,
TN,SB 1117,Other school restrictions/Restricting Student & Educator Rights,Defeated,Legislative session ended,04/25/2024,
SC,HB 3485,Forced outing in schools/Other school restrictions/Restricting Student & Educator Rights,Defeated,Legislative session ended,05/09/2024,
SC,SB 364,Barriers to Accurate IDs,Defeated,Legislative session ended,05/09/2024,
SC,HB 3551,Forced outing in schools/Healthcare age restrictions/Healthcare Restrictions/Restricting Student & Educator Rights,Defeated,Legislative session ended,05/09/2024,
SC,SB 274,Forced outing in schools/Healthcare age restrictions/Healthcare funding restrictions/Healthcare Restrictions/Other school restrictions/Restricting Student & Educator Rights,Defeated,Legislative session ended,05/09/2024,
SC,SB 243,Healthcare age restrictions/Healthcare Restrictions,Defeated,Legislative session ended,05/09/2024,
SC,HB 3466,Other school restrictions/Restricting Student & Educator Rights,Defeated,Legislative session ended,05/09/2024,
SC,HB 3304,Other school restrictions/Restricting Student & Educator Rights,Defeated,Legislative session ended,05/09/2024,
SC,S.J.R.0276,Re-definition of sex/Weakening Civil Rights Laws,Defeated,Legislative session ended,05/09/2024,
SC,HB 3616,Drag bans/Free Speech & Expression Bans,Defeated,Legislative session ended,05/09/2024,
SC,HB 3611,Religious exemptions/Weakening Civil Rights Laws,Defeated,Legislative session ended,05/09/2024,
SC,SB 424,Curriculum censorship/Other anti-LGBTQ bills/Other school restrictions/Restricting Student & Educator Rights,Defeated,Legislative session ended,05/09/2024,
SC,H.B.4535,Public Accommodation Bans/Restricting Student & Educator Rights/School facilities bans,Defeated,Legislative session ended,05/09/2024,
SC,HB 3197,Forced outing in schools/Other school restrictions/Restricting Student & Educator Rights,Defeated,Legislative session ended,05/09/2024,
SC,SB 234,Forced outing in schools/Restricting Student & Educator Rights,Defeated,Legislative session ended,05/09/2024,
SC,HB 3801,Religious exemptions/Weakening Civil Rights Laws,Defeated,Legislative session ended,05/09/2024,
SC,HB 3827,Curriculum censorship/Forced outing in schools/Other school restrictions/Restricting Student & Educator Rights,Defeated,Legislative session ended,05/09/2024,
SC,SB 585,Drag bans/Free Speech & Expression Bans,Defeated,Legislative session ended,05/09/2024,
SC,SB 627,Healthcare age restrictions/Healthcare funding restrictions/Healthcare Restrictions/Restricting Student & Educator Rights,Defeated,Legislative session ended,05/09/2024,
SC,SB 623,Barriers to Accurate IDs,Defeated,Legislative session ended,05/09/2024,
SC,S.J.R.0624,Re-definition of sex/Weakening Civil Rights Laws,Defeated,Legislative session ended,05/09/2024,
SC,H.B.4619,Healthcare age restrictions/Healthcare funding restrictions/Healthcare Restrictions/Other healthcare barriers,Defeated,Legislative session ended,05/09/2024,
SC,H.B.4707,Curriculum censorship/Other school restrictions/Restricting Student & Educator Rights,Defeated,Legislative session ended,05/09/2024,
SC,H.B.4538,Restricting Student & Educator Rights/School facilities bans,Defeated,Legislative session ended,05/09/2024,
PA,HB 216,Restricting Student & Educator Rights/School sports bans,Introduced,Carried over,01/02/2024,
PA,HB 319,Curriculum censorship/Restricting Student & Educator Rights,Introduced,Carried over,01/02/2024,
OH,HB 6,Restricting Student & Educator Rights/School sports bans,Introduced,Carried over,01/02/2024,
OH,HB 151,Other anti-LGBTQ bills,Introduced,Carried over,01/02/2024,
OH,SB 83,Other anti-LGBTQ bills,Advancing,Re-referred to committee,01/03/2024,
NE,LB 371,Drag bans/Free Speech & Expression Bans,Defeated,Legislative session ended,04/18/2024,
NE,LB 810,Religious exemptions/Weakening Civil Rights Laws,Defeated,Legislative session ended,04/18/2024,
MI,H.J.R.E.,Other anti-LGBTQ bills,Introduced,Carried over,01/10/2024,
MI,HB 4539,Healthcare age restrictions/Healthcare Restrictions,Introduced,Carried over,01/10/2024,
MI,HB 4075,Religious exemptions/Weakening Civil Rights Laws,Introduced,Carried over,01/10/2024,
MI,HB 4195,Restricting Student & Educator Rights/School facilities bans,Introduced,Carried over,01/10/2024,
MI,HB 4257,Healthcare age restrictions/Healthcare Restrictions,Introduced,Carried over,01/10/2024,
MI,HB 4345,Religious exemptions/Weakening Civil Rights Laws,Introduced,Carried over,01/10/2024,
MI,HB 4510,Other anti-LGBTQ bills/Restricting Student & Educator Rights/School facilities bans,Introduced,Carried over,01/10/2024,
MI,HB 4540,Healthcare age restrictions/Healthcare Restrictions,Introduced,Carried over,01/10/2024,
MI,HB 4546,Restricting Student & Educator Rights/School sports bans,Introduced,Carried over,01/10/2024,
KS,SB 255,Restricting Student & Educator Rights/School facilities bans,Defeated,Legislative session ended,04/30/2024,
KS,HB 2427,Public Accommodation Bans/Restricting Student & Educator Rights/School facilities bans,Defeated,Legislative session ended,04/30/2024,
KS,HB 2263,Healthcare age restrictions/Healthcare Restrictions,Defeated,Legislative session ended,04/30/2024,
KS,SB 149,Drag bans/Free Speech & Expression Bans,Defeated,Legislative session ended,04/30/2024,
KS,SB 201,Drag bans/Free Speech & Expression Bans,Defeated,Legislative session ended,04/30/2024,
KS,SB 207,Other school restrictions/Religious exemptions/Restricting Student & Educator Rights/Weakening Civil Rights Laws,Defeated,Legislative session ended,04/30/2024,
KS,HB 2404,Other anti-LGBTQ bills,Defeated,Legislative session ended,04/30/2024,
KS,SB 12,Healthcare age restrictions/Healthcare Restrictions,Defeated,Legislative session ended,04/30/2024,
KS,SB 224,Other anti-LGBTQ bills,Defeated,Legislative session ended,04/20/2024,
IA,SF 110,Healthcare funding restrictions/Healthcare Restrictions/Other healthcare barriers,Defeated,Legislative session ended,04/20/2024,
IA,SF 83,Curriculum censorship/Restricting Student & Educator Rights,Defeated,Legislative session ended,04/20/2024,
IA,SF 129,Forced outing in schools/Healthcare age restrictions/Healthcare Restrictions/Other anti-LGBTQ bills/Restricting Student & Educator Rights,Defeated,Legislative session ended,04/20/2024,
IA,SF 159,Forced outing in schools/Restricting Student & Educator Rights,Defeated,Legislative session ended,04/20/2024,
IA,HF 229,Religious exemptions/Weakening Civil Rights Laws,Defeated,Legislative session ended,04/20/2024,
IA,HF 325,Other civil rights restrictions/Public Accommodation Bans/Weakening Civil Rights Laws,Defeated,Legislative session ended,04/20/2024,
IA,SF 348,Drag bans/Free Speech & Expression Bans,Defeated,Legislative session ended,04/20/2024,
IA,SF 212,Religious exemptions/Weakening Civil Rights Laws,Defeated,Legislative session ended,04/20/2024,
IA,HF 508,Other anti-LGBTQ bills/Religious exemptions/Weakening Civil Rights Laws,Defeated,Legislative session ended,04/20/2024,
IA,HF 482,Restricting Student & Educator Rights/School facilities bans,Defeated,Legislative session ended,04/20/2024,
IA,HF 9,Forced outing in schools/Restricting Student & Educator Rights,Defeated,Legislative session ended,04/20/2024,
IA,HF 190,Other civil rights restrictions/Weakening Civil Rights Laws,Defeated,Legislative session ended,04/20/2024,
IA,HSB 222,Curriculum censorship/Forced outing in schools/Other school restrictions/Restricting Student & Educator Rights,Defeated,Legislative session ended,04/20/2024,
IA,HF 8,Curriculum censorship/Restricting Student & Educator Rights,Defeated,Legislative session ended,04/20/2024,
IA,HF 348,Curriculum censorship/Restricting Student & Educator Rights,Defeated,Legislative session ended,04/20/2024,
IA,HF 616,Other anti-LGBTQ bills,Defeated,Legislative session ended,04/20/2024,
IA,HF 180,Forced outing in schools/Other school restrictions/Restricting Student & Educator Rights,Defeated,Legislative session ended,04/20/2024,
IA,SF 297,Religious exemptions/Weakening Civil Rights Laws,Defeated,Legislative session ended,04/20/2024,
GA,SB 141,Forced outing in schools/Healthcare age restrictions/Healthcare Restrictions/Restricting Student & Educator Rights,Defeated,Legislative session ended,03/28/2024,
GA,HB 653,Forced outing in schools/Healthcare age restrictions/Healthcare Restrictions/Restricting Student & Educator Rights,Defeated,Legislative session ended,03/28/2024,
AK,HB 27,Restricting Student & Educator Rights/School sports bans,Defeated,Legislative session ended,05/15/2024,
AK,SB 96,Curriculum censorship/Other school restrictions/Restricting Student & Educator Rights/School facilities bans,Defeated,Legislative session ended,05/15/2024,
IL,H.B.4355,Healthcare Restrictions/Other healthcare barriers,Introduced,Pre-filed,01/16/2024,
HI,HB 508,Restricting Student & Educator Rights/School sports bans,Defeated,Legislative session ended,05/03/2024,
HI,HB 509,Curriculum censorship/Restricting Student & Educator Rights,Defeated,Legislative session ended,05/03/2024,
HI,SB 1429,Restricting Student & Educator Rights/School sports bans,Defeated,Legislative session ended,05/03/2024,
HI,SB 1428,Curriculum censorship/Forced outing in schools/Restricting Student & Educator Rights,Defeated,Legislative session ended,05/03/2024,https://clearinghouse.net/case/4419
HI,HB 891,Healthcare age restrictions/Healthcare Restrictions,Defeated,Legislative session ended,05/03/2024,
MN,SF 934,Restricting Student & Educator Rights/School facilities bans/School sports bans,Defeated,Legislative session ended,05/20/2024,
MN,HF 3022,Curriculum censorship/Forced outing in schools/Restricting Student & Educator Rights,Defeated,Legislative session ended,05/20/2024,
MN,SF 3272,Healthcare age restrictions/Healthcare Restrictions,Defeated,Legislative session ended,05/20/2024,
MN,HF 551,Restricting Student & Educator Rights/School sports bans,Defeated,Legislative session ended,05/20/2024,
MN,SF 724,Restricting Student & Educator Rights/School sports bans,Defeated,Legislative session ended,05/20/2024,
MN,HF 1086,Restricting Student & Educator Rights/School sports bans,Defeated,Legislative session ended,05/20/2024,
MN,SF 933,Drag bans/Free Speech & Expression Bans,Defeated,Legislative session ended,05/20/2024,
MN,HF 1903,Drag bans/Free Speech & Expression Bans,Defeated,Legislative session ended,05/20/2024,
MN,HF 3264,Healthcare age restrictions/Healthcare Restrictions,Defeated,Legislative session ended,05/20/2024,
MN,SF 3280,Healthcare age restrictions/Healthcare Restrictions,Defeated,Legislative session ended,05/20/2024,
OK,SB 973,Curriculum censorship/Restricting Student & Educator Rights,Defeated,Failed to meet Senate deadline,02/29/2024,
OK,SB 943,Other school restrictions/Restricting Student & Educator Rights,Defeated,Failed to meet Senate deadline,02/29/2024,
OK,SB 887,Other anti-LGBTQ bills/Religious exemptions/Weakening Civil Rights Laws,Defeated,Failed to meet Senate deadline,02/29/2024,
OK,SB 878,Healthcare age restrictions/Healthcare Restrictions,Defeated,Failed to meet Senate deadline,02/29/2024,
OK,SB 789,Healthcare age restrictions/Healthcare Restrictions,Defeated,Failed to meet Senate deadline,02/29/2024,
OK,SB 345,Healthcare age restrictions/Healthcare Restrictions,Defeated,Failed to meet Senate deadline,02/29/2024,
OK,HB 2736,Drag bans/Free Speech & Expression Bans,Defeated,Failed to meet House deadline,02/29/2024,
OK,SB 252,Healthcare age restrictions/Healthcare Restrictions,Defeated,Failed to meet Senate deadline,02/29/2024,
OK,SB 1007,Restricting Student & Educator Rights/School sports bans,Defeated,Failed to meet Senate deadline,02/29/2024,
OK,SB 1004,Other anti-LGBTQ bills,Defeated,Failed to meet Senate deadline,02/29/2024,
OK,SB 131,Curriculum censorship/Restricting Student & Educator Rights,Defeated,Failed to meet Senate deadline,02/29/2024,
OK,HB 1466,Healthcare age restrictions/Healthcare Restrictions,Defeated,Failed to meet House deadline,02/29/2024,
OK,SB 786,Healthcare age restrictions/Healthcare Restrictions,Defeated,Failed to meet Senate deadline,02/29/2024,
OK,SB 937,Curriculum censorship/Drag bans/Free Speech & Expression Bans/Other school restrictions/Restricting Student & Educator Rights/School sports bans,Defeated,Failed to meet Senate deadline,02/29/2024,
OK,SB 935,Other school restrictions/Restricting Student & Educator Rights,Defeated,Failed to meet Senate deadline,02/29/2024,
OK,SB 30,Curriculum censorship/Forced outing in schools/Other school restrictions/Restricting Student & Educator Rights,Defeated,Failed to meet Senate deadline,02/29/2024,
OK,SB 932,Other school restrictions/Restricting Student & Educator Rights,Defeated,Failed to meet Senate deadline,02/29/2024,
OK,SB 787,Healthcare age restrictions/Healthcare Restrictions,Defeated,Failed to meet Senate deadline,02/29/2024,
OK,HB 1781,Curriculum censorship/Restricting Student & Educator Rights,Defeated,Failed to meet House deadline,02/29/2024,
OK,HB 1377,Healthcare age restrictions/Healthcare Restrictions/Other healthcare barriers,Defeated,Failed to meet House deadline,02/29/2024,
OK,SB 250,Healthcare funding restrictions/Healthcare Restrictions,Defeated,Failed to meet Senate deadline,02/29/2024,
OK,SB 788,Healthcare age restrictions/Healthcare Restrictions,Defeated,,,
OK,SB 1017,Other school restrictions/Restricting Student & Educator Rights,Defeated,Failed to meet Senate deadline,02/29/2024,
OK,SB 614,Healthcare age restrictions/Healthcare Restrictions,Defeated,Failed to meet Senate deadline,02/29/2024,
OK,SB 933,Drag bans/Free Speech & Expression Bans/Restricting Student & Educator Rights,Defeated,Failed to meet Senate deadline,02/29/2024,
OK,HB 1780,Curriculum censorship/Restricting Student & Educator Rights,Defeated,Failed to meet House deadline,02/29/2024,
OK,HB 2186,Drag bans/Free Speech & Expression Bans/Weakening Civil Rights Laws,Defeated,Failed to meet House deadline,02/29/2024,
OK,SB 129,Healthcare age restrictions/Healthcare Restrictions/Other healthcare barriers,Defeated,Failed to meet Senate deadline,02/29/2024,
OK,HB 2177,Healthcare age restrictions/Healthcare Restrictions/Other healthcare barriers,Defeated,Failed to meet House deadline,02/29/2024,
OK,SB 408,Other anti-LGBTQ bills,Defeated,Failed to meet Senate deadline,02/29/2024,
NC,H 43,Healthcare age restrictions/Healthcare Restrictions,Introduced,,,
NC,S 560,Healthcare age restrictions/Healthcare Restrictions,Introduced,Carried over,04/24/2024,
NC,S 641,Religious exemptions/Weakening Civil Rights Laws,Introduced,Carried over,04/24/2024,
NC,H 786,Forced outing in schools/Healthcare age restrictions/Healthcare funding restrictions/Healthcare Restrictions/Restricting Student & Educator Rights,Introduced,Carried over,04/24/2024,
NC,H 819,Religious exemptions/Weakening Civil Rights Laws,Introduced,Carried over,04/24/2024,
NC,S 636,Restricting Student & Educator Rights/School sports bans,Introduced,Carried over,04/24/2024,
TX,SB 77,Restricting Student & Educator Rights,Introduced,,10/27/2023,
TX,SB 12,Free Speech & Expression Bans,Passed into Law,Governor signed,06/18/2023,https://www.aclutx.org/en/cases/woodlands-pride-inc-et-al-v-angela-colmenero-et-al
TX,HB 3082,Weakening Civil Rights Laws,Defeated,Dead,05/29/2023,
TX,HB 2659,Restricting Student & Educator Rights/Weakening Civil Rights Laws,Defeated,Dead,05/29/2023,
TX,SB 1443,Restricting Student & Educator Rights,Defeated,Dead,05/29/2023,
TX,HB 5127,Other anti-LGBTQ bills,Defeated,Dead,05/29/2023,
TX,HB 5261,Restricting Student & Educator Rights,Defeated,Dead,05/29/2023,
TX,SB 17,Other anti-LGBTQ bills,Passed into Law,Governor signed,06/17/2023,
TX,SB 2199,Weakening Civil Rights Laws,Defeated,Dead,05/29/2023,
TX,HB 4961,Restricting Student & Educator Rights,Defeated,Dead,05/29/2023,
TX,HB 5236,Other anti-LGBTQ bills/Restricting Student & Educator Rights,Defeated,Dead,05/29/2023,
TX,SB 8,Restricting Student & Educator Rights,Defeated,Dead,05/29/2023,
TX,HB 4754,Healthcare Restrictions,Defeated,Dead,05/29/2023,
TX,HB 4378,Free Speech & Expression Bans,Defeated,Dead,05/29/2023,
TX,HB 4534,Restricting Student & Educator Rights,Defeated,Dead,05/29/2023,
TX,SB 15,Restricting Student & Educator Rights,Passed into Law,Governor signed,06/18/2023,
TX,HB 4624,Healthcare Restrictions,Defeated,Dead,05/29/2023,
TX,HB 4129,Free Speech & Expression Bans,Defeated,Dead,05/29/2023,
TX,SB 14,Healthcare Restrictions,Passed into Law,Governor signed,06/02/2023,
TX,HB 3902,Other anti-LGBTQ bills,Defeated,Dead,05/29/2023,
TX,HB 3883,Other anti-LGBTQ bills,Defeated,Dead,05/29/2023,
TX,HB 3213,Other anti-LGBTQ bills,Defeated,Dead,05/29/2023,
TX,HB 3147,Other anti-LGBTQ bills,Defeated,Dead,05/29/2023,
TX,HB 2862,Other anti-LGBTQ bills,Defeated,Dead,05/29/2023,
TX,HB 3164,Other anti-LGBTQ bills,Defeated,Dead,05/29/2023,
TX,HB 3147,Other anti-LGBTQ bills,Defeated,Dead,05/29/2023,
TX,HB 2862,Other anti-LGBTQ bills,Defeated,Dead,05/29/2023,
TX,HB 3164,Other anti-LGBTQ bills,Defeated,Dead,05/29/2023,
TX,SB 1082,Barriers to Accurate IDs/Other anti-LGBTQ bills,Defeated,Dead,05/29/2023,
TX,SB 1029,Healthcare Restrictions,Defeated,Dead,05/29/2023,
TX,HB 1952,Barriers to Accurate IDs,Defeated,Dead,05/29/2023,
TX,HB 1752,Healthcare Restrictions,Defeated,Dead,05/29/2023,
TX,HB 1686,Healthcare Restrictions,Passed into Law,Companion bill SB 14 signed by Governor,06/02/2023,
TX,SB 649,Restricting Student & Educator Rights,Defeated,Dead,05/29/2023,
TX,SB 625,Healthcare Restrictions,Passed into Law,Companion bill SB 14 signed by Governor,06/02/2023,
TX,HB 122,Healthcare Restrictions,Defeated,Dead,05/29/2023,
TX,HB 41,Healthcare Restrictions,Defeated,Dead,05/29/2023,
TX,SB 250,Healthcare Restrictions,Defeated,Dead,05/29/2023,
TX,HB 42,Healthcare Restrictions,Defeated,Dead,05/29/2023,
TX,HB 1155,Restricting Student & Educator Rights,Defeated,Dead,05/29/2023,
TX,HB 1532,Healthcare Restrictions,Defeated,Dead,05/29/2023,
TX,HB 631,Restricting Student & Educator Rights,Defeated,Dead,05/29/2023,
TX,SB 162,Barriers to Accurate IDs,Defeated,Dead,05/29/2023,
TX,HB 708,Free Speech & Expression Bans,Defeated,Dead,05/29/2023,
TX,HB 643,Free Speech & Expression Bans,Defeated,Dead,05/29/2023,
TX,HB 23,Restricting Student & Educator Rights,Defeated,Dead,05/29/2023,
TX,SB 476,Free Speech & Expression Bans,Defeated,Dead,05/29/2023,
TX,SB 393,Restricting Student & Educator Rights,Defeated,Dead,05/29/2023,
TX,HB 1266,Free Speech & Expression Bans,Defeated,Dead,05/29/2023,