Employer,City,State,CEI Rating
3M Co.,St Paul,MN,85
A.T. Kearney Inc.,Chicago,IL,100
AAA Northern California Nevada and Utah,Walnut Creek,CA,100
Abbott Laboratories,Abbott Park,IL,85
Abercrombie & Fitch Co.,New Albany,OH,100
AbitibiBowater Inc.,Greenville,SC,0
Accenture Ltd.,New York,NY,100
Acer Inc.,Irvine,CA,50
Adecco North America LLC,Melville,NY,85
Adobe Systems Inc.,San Jose,CA,95
Advance Auto Parts (Advance Holding),Roanoke,VA,30
Advanced Micro Devices Inc.,Sunnyvale,CA,93
AECOM Technology Corp.,Los Angeles,CA,30
AEGON USA Inc.,Cedar Rapids,IA,40
AES Corp. The,Arlington,VA,15
Aetna Inc.,Hartford,CT,100
Affiliated Computer Services,Dallas,TX,60
AFLAC Inc.,Columbus,GA,100
Agco,Duluth,GA,30
Agilent Technologies Inc.,Santa Clara,CA,100
Ahold USA Inc.,Quincy,MA,78
AIG,New York,NY,100
Air Products & Chemicals Inc.,Allentown,PA,100
AK Steel Holding Corp.,West Chester,OH,0
Akin Gump Strauss Hauer & Feld LLP,Washington DC,DC,100
Alaska Air Group Inc.,Seattle,WA,100
Alcatel-Lucent,Murray Hill,NJ,100
Alcoa Inc.,New York,NY,100
Aleris International Inc.,Beachwood,OH,0
Allegheny Energy Inc.,Greensburg,PA,45
Allegheny Technologies Inc.,Pittsburgh,PA,30
Alliant Energy Corp.,Madison,WI,80
Alliant Techsystems Inc.,Minneapolis,MN,65
Allianz Life Insurance Co. of North America,Minneapolis,MN,100
Allscripts-Misys Healthcare Solutions Inc.,Chicago,IL,43
Allstate Corp. The,Northbrook,IL,100
Alston & Bird LLP,Atlanta,GA,100
Altria Group Inc.,Richmond,VA,35
Amazon.com Inc.,Seattle,WA,70
AMC Entertainment Inc.,Kansas City,MO,100
Ameren Corp.,St. Louis,MO,43
American Eagle Outfitters Inc.,Pittsburgh,PA,93
American Electric Power Co. Inc.,Columbus,OH,15
American Express Co.,New York,NY,100
American Family Insurance Group,Madison,WI,88
Ameriprise Financial Inc.,Minneapolis,MN,100
AmerisourceBergen Corp.,Chesterbrook,PA,30
Amgen Inc.,Thousand Oaks,CA,70
AMR Corp. (American Airlines),Fort Worth,TX,100
AmTrust Bank,Cleveland,OH,83
Anadarko Petroleum,The Woodlands,TX,0
Andrews Kurth LLP,Houston,TX,100
Anheuser-Busch Companies Inc.,St. Louis,MO,100
Anixter International Inc.,Glenview,IL,30
Aon Corp.,Chicago,IL,100
Apache Corp.,Houston,TX,30
Apple Inc.,Cupertino,CA,100
Applied Materials Inc.,Santa Clara,CA,100
Aramark Corp.,Philadelphia,PA,90
Archer Daniels Midland Co.,Decatur,IL,40
Arent Fox LLP,Washington DC,DC,100
Arnold & Porter LLP,Washington DC,DC,100
Arrow Electronics,Melville,NY,85
ArvinMeritor Inc.,Troy,MI,35
Asbury Automotive Group,Duluth,GA,30
Ashland Inc.,Covington,KY,30
Assurant,New York,NY,15
Astellas Pharma US Inc.,Deerfield,IL,63
AstraZeneca PLC,Wilmington,DE,80
AT&T Inc.,Dallas,TX,100
Atmos Energy Corp.,Dallas,TX,30
Austin Radiological Assn.,Austin,TX,33
Autoliv Inc.,Auburn Hills,MI,30
Automatic Data Processing Inc.,Roseland,NJ,100
AutoNation Inc.,Fort Lauderdale,FL,15
Auto-Owners Insurance Group,Lansing,MI,0
AutoZone Inc.,Memphis,TN,25
Avaya Inc.,Basking Ridge,NJ,85
Avery Dennison,Pasadena,CA,15
Avis Budget Group Inc.,Parsippany,NJ,60
Avnet Inc.,Phoenix,AZ,65
Avon Products Inc.,New York,NY,90
BJ's Wholesale Club,Natick,MA,15
Bain & Co. Inc. ( & Bridgespan Group Inc.),Boston,MA,100
Baker & Daniels LLP,Indianapolis,IN,100
Baker & McKenzie,Chicago,IL,100
Baker Botts LLP,Houston,TX,100
Baker Hughes Inc.,Houston,TX,15
Baker Donelson Bearman Caldwell & Berkowitz PC,Memphis,TN,70
Baldor Electric Co.,Fort Smith,AR,20
Ball Corp.,Broomfield,CO,43
Ballard Spahr LLP,Philadelphia,PA,100
Bank of America Corp.,Charlotte,NC,100
Bank of New York Mellon Corp.  The (BNY Mellon),New York,NY,100
Barclays Capital,New York,NY,80
Barnes & Noble Inc.,New York,NY,30
BASF Corp.,Florham Park,NJ,100
Bausch & Lomb Inc.,Rochester,NY,15
Baxter International Inc.,Deerfield,IL,80
Bayer Corp.,Pittsburgh,PA,85
BB&T Corp.,Winston-Salem,NC,88
Becton Dickinson and Co.,Franklin Lakes,NJ,60
Bed Bath & Beyond Inc.,Union,NJ,30
Berkshire Hathaway Inc.,Omaha,NE,0
Best Buy Co. Inc.,Richfield,MN,85
Big Lots,Columbus,OH,15
Bingham McCutchen LLP,Boston,MA,100
BJ Services Company,Houston,TX,0
Black & Decker Corp. The,Towson,MD,50
BlackRock,New York,NY,80
Blockbuster Inc.,Dallas,TX,45
Blue Cross Blue Shield of Florida Inc.,Jacksonville,FL,100
Blue Cross Blue Shield of Minnesota,Eagan,MN,95
Blue Cross Blue Shield of North Carolina,Durham,NC,90
BMC Software Inc.,Houston,TX,100
BNP Paribas,New York,NY,100
Boehringer Ingelheim USA Corp.,Ridgefield,CT,100
Boeing Co.,Chicago,IL,100
Bon-Ton Stores  Inc.,York,PA,30
Booz Allen Hamilton Inc.,McLean,VA,100
Borders Group Inc.,Ann Arbor,MI,30
BorgWarner Inc.,Auburn Hills,MI,30
Boston Consulting Group,Boston,MA,100
Boston Scientific Corp.,Natick,MA,100
BP America Inc.,Houston,TX,100
Bridgestone Americas Holding Inc.,Nashville,TN,80
Bright Horizons Family Solutions Inc.,Watertown,MA,100
Brightpoint Inc.,Indianapolis,IN,60
Brinker International Inc.,Dallas,TX,100
Bristol-Myers Squibb Co.,New York,NY,100
Broadcom Corp.,Irvine,CA,15
Broadridge Financial Solutions Inc.,Lake Success,NY,83
Brown Rudnick LLP,Boston,MA,100
Brown Shoe Company Inc.,St. Louis,MO,75
Brown-Forman Corp.,Louisville,KY,100
Brunswick Corp.,Lake Forest,IL,15
Bryan Cave LLP,St. Louis,MO,100
Burger King Corp.,Miami,FL,73
Burlington Northern Santa Fe Corp.,Fort Worth,TX,20
C&S Wholesale Grocers Inc.,Keene,NH,40
C. H. Robinson Worldwide,Eden Prairie,MN,15
Cablevision Systems Corp.,Bethpage,NY,30
Cadwalader Wickersham & Taft LLP,New York,NY,95
Calpine Corp.,Houston,TX,48
Cameron International Corp.,Houston,TX,0
Campbell Soup Co.,Camden,NJ,100
Canadian Imperial Bank of Commerce,New York,NY,95
Capgemini U.S.,New York,NY,60
Capital One Financial Corp.,McLean,VA,100
Cardinal Health Inc.,Dublin,OH,100
CareFusion Corp.,San Diego,CA,75
Cargill Inc.,Wayzata,MN,80
Carlson Companies Inc.,Minnetonka,MN,100
Carlton Fields PA,Tampa,FL,100
Carmax Inc.,Richmond,VA,90
Caterpillar Inc.,Peoria,IL,75
CBS Corp.,New York,NY,45
CC Media Holdings Inc. (Clear Channel),San Antonio,TX,100
CDW Corp.,Vernon Hills,IL,100
Celanese Corp.,Dallas,TX,15
CenterPoint Energy Inc.,Houston,TX,15
Centex Corp.,Dallas,TX,15
Cerner Corp.,Kansas City,MO,80
CH2M HILL Companies Ltd.,Englewood,CO,80
Chadbourne & Parke LLP,New York,NY,95
Chamberlin Edmonds & Associates Inc.,Atlanta,GA,53
Chapman and Cutler LLP,Chicago,IL,100
Charles Schwab Corp. The,San Francisco,CA,100
Charter Communications,St. Louis,MO,15
Chesapeake Energy Corp.,Oklahoma City,OK,0
Chevron Corp.,San Ramon,CA,100
Choate Hall & Stewart LLP,Boston,MA,100
Choice Hotels International Inc.,Silver Spring,MD,95
Chrysler Group LLC,Auburn Hills,MI,100
CHS Inc.,Inver Grove Hts,MN,0
Chubb Corp.,Warren,NJ,100
CIGNA Corp.,Philadelphia,PA,95
Cisco Systems Inc.,San Jose,CA,100
CIT Group Inc.,New York,NY,30
Citigroup Inc.,New York,NY,100
Cleary Gottlieb Steen & Hamilton LLP,New York,NY,100
Clifford Chance US LLP,New York,NY,100
Clorox Co.,Oakland,CA,100
CMS Energy Services,Jackson,MI,15
CNA Insurance,Chicago,IL,100
Coca-Cola Co. The,Atlanta,GA,100
Coca-Cola Enterprises Inc.,Atlanta,GA,100
Colgate-Palmolive Co.,New York,NY,100
Comcast Corp.,Philadelphia,PA,95
Comerica Inc.,Dallas,TX,95
Commercial Metals,Irving,TX,0
Community Health Systems Inc.,Franklin,TN,0
Compass Group USA Inc.,Charlotte,NC,50
Computer Sciences Corp. (CSC),Falls Church,VA,60
Compuware Corp.,Detroit,MI,93
ConAgra Foods Inc.,Omaha,NE,80
ConocoPhillips,Houston,TX,70
CONSOL Energy Inc.,Canonsburg,PA,15
Consolidated Edison Co.,New York,NY,100
Constellation Energy Group Inc.,Baltimore,MD,100
Continental Airlines Inc.,Houston,TX,100
Convergys Corp.,Cincinnati,OH,60
Con-way Inc.,San Mateo,CA,33
Cooper Tire & Rubber Co.,Findlay,OH,33
Corbis Corp.,Seattle,WA,80
CoreLogic,Westlake,TX,100
Corning Inc.,Corning,NY,100
Costco Wholesale Corp.,Issaquah,WA,100
Coventry Health Care,Bethesda,MD,15
Covington & Burling LLP,Washington DC,DC,100
Cox Enterprises Inc.,Atlanta,GA,95
Cracker Barrel Old Country Store Inc.,Lebanon,TN,55
Cravath Swaine & Moore LLP,New York,NY,100
Credit Suisse USA Inc.,New York,NY,100
Crosstex Energy Inc.,Dallas,TX,15
Crowell & Moring LLP,Washington DC,DC,100
Crown Holdings,Philadelphia,PA,15
CSX Corp.,Jacksonville,FL,95
Cummins Inc.,Columbus,IN,100
CUNA Mutual Insurance Group,Madison,WI,65
CVR Energy Inc.,Sugar Land,TX,15
CVS Caremark Corp.,Woonsocket,RI,90
Dana Holding Corp.,Toledo,OH,20
Danaher Corp.,Washington DC,DC,15
Darden Restaurants Inc.,Orlando,FL,80
Davis Wright Tremaine LLP,Seattle,WA,100
Davis Polk & Wardwell LLP,New York,NY,100
DaVita Inc.,El Segundo,CA,90
Dean Foods Co.,Dallas,TX,15
Debevoise & Plimpton LLP,New York,NY,100
Deere & Co.,Moline,IL,38
Dell Inc.,Round Rock,TX,100
Deloitte LLP,New York,NY,100
Delphi Corp.,Troy,MI,30
Delta Air Lines Inc.,Atlanta,GA,100
Deutsche Bank,New York,NY,100
Devon Energy Corp.,Oklahoma City,OK,30
Dewey & LeBoeuf LLP,New York,NY,100
Diageo North America,Norwalk,CT,100
Dickstein Shapiro LLP,Washington DC,DC,100
Dillard's Inc.,Little Rock,AR,15
DIRECTV,El Segundo,CA,0
Discover Financial Services,Riverwoods,IL,58
DISH Network Corp.,Englewood,CO,0
DLA Piper,Baltimore,MD,100
Dole Food Co. Inc.,Westlake Village,CA,45
Dollar General Corp.,Goodlettsville,TN,0
Dollar Thrifty Automotive Group Inc.,Tulsa,OK,93
Dollar Tree Stores Inc.,Chesapeake,VA,15
Dominion Resources Inc.,Richmond,VA,95
Domino's Pizza Inc.,Ann Arbor,MI,60
Domtar Corp.,Fort Mill,SC,15
Dorsey & Whitney LLP,Minneapolis,MN,100
Dover Corp.,New York,NY,15
Dow Chemical Co. The,Midland,MI,100
DR Horton Inc.,Fort Worth,TX,15
Dr Pepper Snapple Group Inc.,Plano,TX,15
Drinker Biddle & Reath LLP,Philadelphia,PA,100
DTE Energy Co.,Detroit,MI,75
Duane Morris LLP,Philadelphia,PA,75
Duke Energy Corp.,Charlotte,NC,100
Dun & Bradstreet Corp.The,Short Hills,NJ,35
Dykema Gossett PLLC,Detroit,MI,75
E&J Gallo Winery,Modesto,CA,95
E*TRADE Financial Corp.,New York,NY,93
E. I. du Pont de Nemours and Co. (DuPont),Wilmington,DE,100
EarthLink Inc.,Atlanta,GA,88
Eastman Chemical Co.,Kingsport,TN,15
Eastman Kodak Co.,Rochester,NY,50
Eaton Corp.,Cleveland,OH,30
eBay Inc.,San Jose,CA,100
Ecolab Inc.,St. Paul,MN,100
Edison International,Rosemead,CA,50
Edwards Angell Palmer & Dodge LLP,Boston,MA,100
El Paso Corp.,Houston,TX,30
Electronic Arts Inc.,Redwood City,CA,100
Eli Lilly & Co.,Indianapolis,IN,100
Embarq Corp.,Overland Park,KS,30
EMC Corp.,Hopkinton,MA,95
EMCOR Group Inc.,Norwalk,CT,30
Emerson Electric Co.,St. Louis,MO,45
Enbridge Energy Partners,Houston,TX,15
Energy Future Holdings Corp.,Dallas,TX,15
Energy Transfer Partners LP,Dallas,TX,0
Entergy Corp.,New Orleans,LA,95
Enterprise GP Holdings LP,Houston,TX,15
Enterprise Rent-A-Car Co.,St. Louis,MO,80
EOG Resources,Houston,TX,30
Epstein Becker & Green PC,New York,NY,80
Ernst & Young LLP,New York,NY,100
Estee Lauder Companies,New York,NY,100
Esurance Inc.,San Francisco,CA,100
Exelon Corp.,Chicago,IL,100
Expedia Inc.,Bellevue,WA,80
Expeditors International of Washington DC Inc.,Seattle,WA,15
Express Scripts Inc.,St. Louis,MO,30
Exxon Mobil Corp.,Irving,TX,0
Faegre & Benson LLP,Minneapolis,MN,95
Family Dollar Stores,Matthews,NC,0
Federal Home Loan Mortgage Corp. (Freddie Mac),McLean,VA,100
Federal National Mortgage Association (Fannie Mae),Washington DC,DC,100
FedEx Corp.,Memphis,TN,80
Fenwick & West LLP,Mountain View,CA,100
Fifth Third Bancorp,Cincinnati,OH,75
Finnegan Henderson Farabow Garrett & Dunner LLP,Washington DC,DC,100
First Data Corp.,Greenwood Village,CO,15
FirstEnergy Corp.,Akron,OH,15
Fiserv Inc.,Brookfield,WI,15
Fish & Richardson PC,Boston,MA,100
Fluor Corp.,Irving,TX,15
FMC Technologies Inc.,Houston,TX,100
Foley & Lardner LLP,Milwaukee,WI,85
Foley Hoag LLP,Boston,MA,100
Food Lion LLC,Salisbury,NC,0
Foot Locker,New York,NY,15
Ford Motor Co.,Dearborn,MI,100
Fortune Brands Inc.,Deerfield,IL,100
FPL Group Inc.,Juno Beach,FL,15
Franklin Resources Inc.,San Mateo,CA,50
Freeport-McMoRan Copper & Gold Inc.,Phoenix,AZ,15
Freescale Semiconductor Inc.,Austin,TX,100
Fried  Frank Harris Shriver & Jacobson LLP,New York,NY,100
Frontier Oil Corp.,Houston,TX,0
Frost Brown Todd LLC,Cincinnati,OH,95
Fulbright & Jaworski LLP,Houston,TX,100
GameStop Corp.,Grapevine,TX,100
Gannett Co. Inc.,McLean,VA,65
Gap Inc.,San Francisco,CA,100
Gastronomy Inc.,Salt Lake City,UT,78
Genentech Inc.,South San Francisco,CA,100
General Cable Corp.,Highland Heights,KY,15
General Dynamics Corp.,Falls Church,VA,100
General Electric Co.,Fairfield,CT,80
General Mills Inc.,Minneapolis,MN,100
General Motors Co.,Detroit,MI,100
Genuine Parts Co.,Atlanta,GA,15
Genworth Financial Inc.,Richmond,VA,30
Gibson Dunn & Crutcher LLP,Los Angeles,CA,100
Gilead Sciences Inc.,Foster City,CA,30
GlaxoSmithKline plc,Research Triangle Park,NC,100
Global Partners,Waltham,MA,0
GMAC LLC,Detroit,MI,95
Goldman Sachs Group Inc. The,New York,NY,100
Goodrich Corp.,Charlotte,NC,30
Goodwin Procter LLP,Boston,MA,100
Goodyear Tire & Rubber Co.,Akron,OH,15
Google Inc.,Mountain View,CA,100
Gordon & Rees LLP,San Francisco,CA,95
Graybar Electric Company Inc.,St. Louis,MO,95
Great Atlantic & Pacific Tea Co. Inc. The,Montvale,NJ,15
Greenberg Traurig LLP,Miami,FL,100
Group 1 Automotive,Houston,TX,15
Group Health Cooperative,Seattle,WA,93
Group Health Permanente,Seattle,WA,93
Guardian Life Insurance Co. of America The,New York,NY,45
H&R Block Inc.,Kansas City,MO,68
H.E. Butt Grocery Co.,San Antonio,TX,85
H.J. Heinz Co.,Pittsburgh,PA,68
Hain Celestial Group Inc.,Melville,NY,85
Halliburton Co.,Houston,TX,15
Hallmark Cards Inc.,Kansas City,MO,100
Hannaford Brothers,Scarborough,ME,83
Hanover Direct Inc.,Weehawken,NJ,100
Harley-Davidson Inc.,Milwaukee,WI,15
Harrah's Entertainment Inc.,Las Vegas,NV,100
Harris Banccorp Inc.,Chicago,IL,83
Harris Corp.,Melbourne,FL,30
Harris Interactive Inc.,New York,NY,93
Harry & David Holdings Inc.,Medford,OR,83
Hartford Financial Services Group Inc. The,Hartford,CT,100
Harvard Pilgrim Health Care Inc.,Wellesley,MA,93
Hasbro Inc.,Pawtucket,RI,50
Haynes and Boone LLP,Dallas,TX,100
HCA - Hospital Corporation of America,Nashville,TN,30
Health Care Service Corp.,Chicago,IL,100
Health Net Inc.,Woodland Hills,CA,93
Henry Schein,Melville,NY,15
Herman Miller Inc.,Zeeland,MI,100
Herrick Feinstein LLP,New York,NY,95
Hershey Co. The,Hershey,PA,100
Hertz Global Holdings Inc.,Park Ridge,NJ,70
Hess Corp.,New York,NY,15
Hewitt Associates,Lincolnshire,IL,100
Hewlett-Packard Co.,Palo Alto,CA,100
Hexion Specialty Chemicals Inc.,Columbus,OH,0
Hilton Hotels Corp.,Beverly Hills,CA,90
Hinshaw & Culbertson LLP,Chicago,IL,100
Hogan Lovells US LLP,Washington DC,DC,100
Holland & Hart LLP,Denver,CO,90
Holland & Knight LLP,Washington DC,DC,100
Holly Corp.,Dallas,TX,60
Holme Roberts & Owen LLP,Denver,CO,60
Home Depot Inc. The,Atlanta,GA,85
Honeywell International Inc.,Morris Township,NJ,100
Hormel Foods Corp.,Austin,MN,15
Hospira Inc.,Lake Forest,IL,100
Host Hotels & Resorts Inc.,Bethesda,MD,45
Houghton Mifflin Harcourt Publishing Co.,Boston,MA,35
Howard & Howard Attorneys PLLC,Kalamazoo,MI,45
Howrey LLP,Washington DC,DC,15
HSBC - North America Holdings Inc.,Mettawa,IL,100
Humana Inc.,Louisville,KY,45
Huntington Bancshares Inc.,Columbus,OH,75
Hunton & Williams LLP,Richmond,VA,100
Huntsman Corp.,Salt Lake City,UT,0
Husch Blackwell Sanders LLP,Kansas City,MO,100
Hyatt Hotels Corp.,Chicago,IL,100
Icahn Enterprises LP,New York,NY,0
Illinois Tool Works Inc.,Glenview,IL,73
Imation Corp.,Oakdale,MN,88
ING North America Insurance Corp.,Atlanta,GA,100
Ingram Micro,Santa Ana,CA,88
Insight Enterprises Inc.,Tempe,AZ,0
Integrys Energy Group Inc.,Chicago,IL,30
Intel Corp.,Santa Clara,CA,100
InterContinental Hotels Group Americas,Atlanta,GA,85
International Assets Holding Corp.,Altamonte Springs,FL,0
International Business Machines Corp. (IBM),Armonk,NY,100
International Paper Co.,Memphis,TN,65
Interpublic Group of Companies Inc.,New York,NY,100
Intuit Inc.,Mountain View,CA,100
ITT Corp.,White Plains,NY,90
J.C. Penney Co. Inc.,Plano,TX,100
Jabil Circuit Inc.,St. Petersburg,FL,15
Jacobs Engineering Group Inc.,Pasadena,CA,35
Jarden Corp.,Rye,NY,30
Jenner & Block LLP,Chicago,IL,100
JetBlue Airways Corp.,Forest Hills,NY,100
John Hancock Financial Services Inc.,Boston,MA,100
Johnson & Johnson,New Brunswick,NJ,100
Johnson Controls Inc.,Milwaukee,WI,45
Jones Apparel Group Inc.,New York,NY,83
JPMorgan Chase & Co.,New York,NY,100
K&L Gates LLP,Pittsburgh,PA,100
Kaiser Permanente,Oakland,CA,100
Katten Muchin Rosenman LLP,Chicago,IL,100
Kaye Scholer LLP,New York,NY,100
KB Home,Los Angeles,CA,70
KBR Inc.,Houston,TX,0
Keane Inc.,Boston,MA,50
Kelley Drye & Warren LLP,New York,NY,95
Kellogg Co.,Battle Creek,MI,100
Kelly Services Inc.,Troy,MI,30
Kenneth Cole Productions Inc.,New York,NY,95
KeyCorp,Cleveland,OH,100
Kilpatrick Stockton LLP,Atlanta,GA,95
Kimberly-Clark Corp.,Irving,TX,95
Kimpton Hotel & Restaurant Group Inc.,San Francisco,CA,100
Kinder Morgan Inc.,Houston,TX,30
King & Spalding LLP,Atlanta,GA,95
Kirkland & Ellis LLP,Chicago,IL,100
KLA-Tencor Corp.,Milpitas,CA,58
Kohl's Corp.,Menomonee Falls,WI,15
KPMG LLP,New York,NY,100
Kraft Foods Inc.,Northfield,IL,95
Kramer Levin Naftalis & Frankel LLP,New York,NY,95
Kroger Co. The,Cincinnati,OH,75
Kutak Rock LLP,Omaha,NE,85
L.L. Bean Inc.,Freeport,ME,78
L-3 Communications Holdings,New York,NY,15
Laclede Group Inc. The,St. Louis,MO,48
Land O'Lakes Inc.,Arden Hills,MN,100
Latham & Watkins LLP,New York,NY,100
Lear Corp.,Southfield,MI,30
Legg Mason Inc.,Baltimore,MD,15
Leggett & Platt Inc.,Carthage,MO,30
Levi Strauss & Co.,San Francisco,CA,100
LexisNexis Group,Miamisburg,OH,100
Lexmark International Inc.,Lexington,KY,100
Liberty Global Inc.,Englewood,CO,15
Liberty Media Corp.,Englewood,CO,15
Liberty Mutual Group,Boston,MA,100
Limited Brands Inc.,Columbus,OH,95
Lincoln National Corp.,Radnor,PA,95
Lindquist & Vennum PLLP,Minneapolis,MN,80
Littler Mendelson PC,San Francisco,CA,100
Live Nation Inc.,Beverly Hills,CA,80
Liz Claiborne Inc.,New York,NY,100
Locke Lord Bissell & Liddell LLP,Chicago,IL,75
Lockheed Martin Corp.,Bethesda,MD,100
Loews Corp.,New York,NY,45
Lowe's Companies Inc.,Mooresville,NC,30
Lubrizol Corporation,Wickliffe,OH,15
Luce Forward Hamilton & Scripps LLP,San Diego,CA,85
Macy's Inc.,Cincinnati,OH,100
Manatt Phelps & Phillips LLP,Los Angeles,CA,100
Manitowoc Company Inc.,Manitowoc,WI,0
Manpower Inc.,Milwaukee,WI,15
Marathon Oil Corp.,Houston,TX,20
Marriott International Inc.,Bethesda,MD,100
Mars Inc.,Mt. Olive,NJ,73
Marsh & McLennan Companies Inc.,New York,NY,100
Masco Corp.,Taylor,MI,15
Massachusetts Mutual Life Insurance Co.,Springfield,MA,100
MasterCard Inc.,Purchase,NY,100
Mattel Inc.,El Segundo,CA,100
Mayer Brown LLP,Chicago,IL,100
Mayo Clinic,Rochester,MN,80
McAfee Inc.,Santa Clara,CA,53
McCarter & English LLP,Newark,NJ,90
McDermott Will & Emery LLP,Chicago,IL,100
McDonald's Corp.,Oak Brook,IL,85
McGraw-Hill Companies Inc. The,New York,NY,100
McGuireWoods LLP,Richmond,VA,95
McKenna Long & Aldridge LLP,Atlanta,GA,80
McKesson Corp.,San Francisco,CA,100
McKinsey & Co. Inc.,New York,NY,100
MDU Resources Group Inc.,Bismarck,ND,0
MeadWestvaco Corp.,Glen Allen,VA,60
Medco Health Solutions,Franklin Lakes,NJ,30
Medtronic Inc.,Minneapolis,MN,100
Meijer Inc.,Grand Rapids,MI,80
Men's Wearhouse Inc. The,Houston,TX,100
Merck & Co. Inc.,Whitehouse Station,NJ,100
MetLife Inc.,New York,NY,100
MGM Mirage,Las Vegas,NV,85
Micron Technology Inc.,Boise,ID,15
Microsoft Corp.,Redmond,WA,100
Milbank Tweed Hadley & McCloy LLP,New York,NY,100
MillerCoors LLC,Chicago,IL,100
Mintz Levin Cohn Ferris Glovsky & Popeo PC,Boston,MA,100
Mirant Corp.,Atlanta,GA,45
Mitchell Gold + Bob Williams,Taylorsville,NC,100
Mohawk Industries Inc.,Calhoun,GA,50
Monsanto Co.,St Louis,MO,100
Moody's Corp.,New York,NY,95
Morgan Lewis & Bockius LLP,Philadelphia,PA,100
Morgan Stanley,New York,NY,100
Morningstar Inc.,Chicago,IL,100
Morrison & Foerster LLP,San Francisco,CA,100
Mosaic Company,Plymouth,MN,30
Motorola Inc.,Schaumburg,IL,100
Murphy Oil,El Dorado,AR,15
Mutual of Omaha Insurance,Omaha,NE,80
Mylan Laboratories Inc.,Canonsburg,PA,15
Nash Finch,Minneapolis,MN,15
National Grid USA,Brooklyn,NY,100
National Oilwell Varco Inc.,Houston,TX,15
Nationwide,Columbus,OH,100
Navigant Consulting Inc.,Chicago,IL,100
Navistar International Corp.,Warrenville,IL,85
NCR Corp.,Dayton,OH,15
Nelson Mullins Riley & Scarborough LLP,Columbia,SC,75
Nestle Purina PetCare Co.,St. Louis,MO,75
NetApp Inc.,Sunnyvale,CA,100
New York Life Insurance Co.,New York,NY,100
New York Times Co.,New York,NY,100
Newell Rubbermaid Inc.,Atlanta,GA,100
Newmont Mining Corporation,Greenwood Village,CO,15
News Corp.,New York,NY,45
Nielsen Co. The,New York City,NY,100
Nike Inc.,Beaverton,OR,100
NiSource Inc.,Merrillville,IN,15
Nissan North America Inc.,Franklin,TN,100
Nixon Peabody LLP,New York,NY,100
Nokia Corp.,Irving,TX,100
Nordstrom Inc.,Seattle,WA,100
Norfolk Southern Corp.,Norfolk,VA,58
Nortel Networks Corp.,Richardson,TX,85
Northeast Utilities,Berlin,CT,65
Northern Trust Corp.,Chicago,IL,100
Northrop Grumman Corp.,Los Angeles,CA,100
Northwestern Mutual Life Insurance,Milwaukee,WI,30
Novartis Pharmaceuticals Corp.,East Hanover,NJ,100
NRG Energy Inc.,Princeton,NJ,15
Nucor Corp.,Charlotte,NC,15
NuStar Energy LP,San Antonio,TX,15
NV Energy Inc.,Las Vegas,NV,85
NYSE Euronext Inc.,New York,NY,100
Occidental Petroleum,Los Angeles,CA,45
Office Depot Inc.,Boca Raton,FL,30
OfficeMax Inc.,Naperville,IL,95
O'Melveny & Myers LLP,Washington DC,DC,100
Omnicare,Covington,KY,45
Omnicom Group,New York,NY,95
ONEOK Inc.,Tulsa,OK,15
Oracle Corp.,Redwood City,CA,100
Orbitz Worldwide Inc.,Chicago,IL,100
Orrick Herrington & Sutcliffe LLP,San Francisco,CA,100
Oshkosh Corp.,Oshkosh,WI,15
Owens & Minor Inc.,Mechanicsville,VA,50
Owens Corning,Toledo,OH,100
Owens-Illinois Inc.,Perrysburg,OH,15
Paccar Inc.,Bellevue,WA,15
Pacific Life Insurance Co.,Newport Beach,CA,100
PacifiCorp,Portland,OR,93
Palm Management Corp.,Washington DC,DC,78
Pantry Inc. The,Sanford,NC,0
Parker Hannifin Corp.,Cleveland,OH,15
Patterson Belknap Webb & Tyler LLP,New York,NY,100
Patterson Companies (Patterson Dental Supply),St Paul,MN,63
Patton Boggs LLP,Washington DC,DC,80
Paul Hastings Janofsky & Walker LLP,Los Angeles,CA,100
Paul Weiss Rifkind Wharton & Garrison LLP,New York,NY,90
Peabody Energy Corp.,St. Louis,MO,15
Pearson Inc.,New York,NY,100
Penske Automotive Group,Bloomfield Hills,MI,15
Pepco Holdings Inc.,Washington DC,DC,80
Pepper Hamilton LLP,Philadelphia,PA,100
PepsiCo Inc.,Purchase,NY,100
Perini Corporation,Framingham,MA,0
Perkins + Will Inc.,Chicago,IL,55
Perkins Coie LLP,Seattle,WA,100
Perot Systems Corp.,Plano,TX,53
Peter Kiewit Sons' Inc.,Omaha,NE,15
PetSmart Inc.,Phoenix,AZ,30
Pfizer Inc.,New York,NY,100
PG&E Corp.,San Francisco,CA,100
Philip Morris International Inc.,New York,NY,0
Pilgrim's Pride Corporation,Pittsburg,TX,0
Pillsbury Winthrop Shaw Pittman LLP,New York,NY,100
Pinnacle West Capital,Phoenix,AZ,45
Pitney Bowes Inc.,Stamford,CT,70
Plains All American Pipeline LP,Houston,TX,0
PNC Financial Services Group Inc. The,Pittsburgh,PA,100
PNM Resources Inc.,Albuquerque,NM,43
Polaroid Corp.,Waltham,MA,60
Polo Ralph Lauren Corp.,New York,NY,30
Polsinelli Shughart PC,Kansas City,MO,95
Portland General Electric Co.,Portland,OR,95
PPG Industries Inc.,Pittsburgh,PA,40
PPL Corp.,Allentown,PA,55
Praxair Inc.,Danbury,CT,65
Precision Castparts Corp.,Portland,OR,30
PricewaterhouseCoopers LLP,New York,NY,100
Principal Financial Group,Des Moines,IA,95
Procter & Gamble Co.,Cincinnati,OH,100
Progress Energy Inc.,Raleigh,NC,80
Progressive Corp. The,Mayfield Village,OH,100
ProLogis,Denver,CO,0
Proskauer Rose LLP,New York,NY,100
Prudential Financial Inc.,Newark,NJ,100
Public Service Enterprise Group,Newark,NJ,100
Publix Super Markets,Lakeland,FL,15
Pulte Homes Inc.,Bloomfield Hills,MI,15
QUALCOMM Inc.,San Diego,CA,100
Quarles & Brady LLP,Milwaukee,WI,100
Quest Diagnostics Inc.,Madison,NJ,85
Qwest Communications International Inc.,Denver,CO,85
R.R. Donnelley & Sons Co.,Chicago,IL,85
RadioShack Corp.,Fort Worth,TX,40
Raymond James Financial Inc.,St. Petersburg,FL,100
Raytheon Co.,Waltham,MA,100
RBC Wealth Management,Minneapolis,MN,100
Realogy Corp.,Parsippany,NJ,95
Recreational Equipment Inc.,Kent,WA,95
Reed Smith LLP,Pittsburgh,PA,95
Regions Financial,Birmingham,AL,15
Regis Corp.,Edina,MN,68
Reliance Steel & Aluminum Co.,Los Angeles,CA,15
Replacements Ltd.,McLeansville,NC,100
Reynolds American Inc.,Winston-Salem,NC,88
Rite Aid Corp.,Camp Hill,PA,85
Robert Half International Inc.,Menlo Park,CA,93
Robert W. Baird & Co. Incorporated,Milwaukee,WI,90
Robins Kaplan Miller & Ciresi LLP,Minneapolis,MN,100
Rockwell Automation Inc.,Milwaukee,WI,15
Rockwell Collins Inc.,Cedar Rapids,IA,95
Ropes & Gray LLP,Boston,MA,100
Ross Stores,Pleasanton,CA,15
Royal Caribbean Cruises Ltd.,Miami,FL,100
RRI Energy Inc.,Houston,TX,75
Ryder System Inc.,Miami,FL,93
Ryland Group Inc. The,Calabasas,CA,30
S.C. Johnson & Son Inc.,Racine,WI,100
Sabre Holdings Inc.,Southlake,TX,100
Safeway Inc.,Pleasanton,CA,75
Sanmina-SCI,San Jose,CA,15
Sanofi-Aventis U.S. LLC,Bridgewater,NJ,65
SAP America Inc.,Newtown Square,PA,100
Sara Lee Corp.,Downers Grove,IL,100
Saul Ewing LLP,Philadelphia,PA,68
SCANA Corp.,Columbia,SC,15
Schering-Plough Corp.,Kenilworth,NJ,100
Schiff Hardin LLP,Chicago,IL,100
Scholastic Corp.,New York,NY,50
Schulte Roth & Zabel LLP,New York,NY,100
Science Applications International Corp.,San Diego,CA,30
Seagate Technology LLC,Scotts Valley,CA,60
Sealed Air Corp.,Elmwood Park,NJ,15
Sears Holdings Corp.,Hoffman Estates,IL,50
Sedgwick Detert Moran & Arnold LLP,San Francisco,CA,100
Selective Insurance Group,Branchville,NJ,85
Sempra Energy,San Diego,CA,100
Severn Trent Services Inc.,Fort Washington DC,PA,85
Seyfarth Shaw LLP,Chicago,IL,100
Shaw Group Inc. The,Baton Rouge,LA,50
Shearman & Sterling LLP,New York,NY,100
Shell Oil Co.,Houston,TX,100
Sheppard Mullin Richter & Hampton LLP,Los Angeles,CA,100
Sherwin-Williams Co. The,Cleveland,OH,15
Shook Hardy & Bacon LLP,Kansas City,MO,100
Sidley Austin LLP,Chicago,IL,100
Simpson Thacher & Bartlett LLP,New York,NY,100
SIRIUS XM Radio Inc.,New York,NY,90
Skadden Arps Slate Meagher & Flom LLP,New York,NY,100
SLM Corp. (Sallie Mae),Reston,VA,60
Smith International Inc.,Houston,TX,15
Smithfield Foods Inc.,Smithfield,VA,15
Smurfit-Stone Container Corp.,Chicago,IL,30
Sodexo Inc.,Gaithersburg,MD,100
Software House International,Somerset,NJ,40
Sonic Automotive Inc.,Charlotte,NC,15
Sonnenschein Nath & Rosenthal LLP,Chicago,IL,100
Sony Electronics Inc.,San Diego,CA,95
Southern California Edison Co.,Rosemead,CA,100
Southern Co.,Atlanta,GA,68
Southwest Airlines Co.,Dallas,TX,95
Spectra Energy Corp.,Houston,TX,100
Sprint Nextel Corp.,Overland Park,KS,100
SPX Corp.,Charlotte,NC,0
Squire Sanders & Dempsey LLP,Cleveland,OH,100
SRA International Inc.,Fairfax,VA,75
Staples Inc.,Framingham,MA,100
Starbucks Corp.,Seattle,WA,100
Starcom MediaVest Group,Chicago,IL,100
Starwood Hotels & Resorts Worldwide,White Plains,NY,100
State Farm Group,Bloomington,IL,80
State Street Corp.,Boston,MA,100
Steel Dynamics Inc.,Fort Wayne,IN,0
Steelcase Inc.,Grand Rapids,MI,100
Steptoe & Johnson LLP,Washington DC,DC,90
Stinson Morrison Hecker LLP,Kansas City,MO,100
Stoel Rives LLP,Portland,OR,100
Stryker Corp.,Kalamazoo,MI,15
Subaru of America Inc.,Cherry Hill,NJ,100
Sullivan & Cromwell LLP,New York,NY,100
Sun Life Financial Inc. (U.S.),Wellesley Hills,MA,100
SunGard Data Systems Inc.,Wayne,PA,30
Sunoco Inc.,Philadelphia,PA,15
SunTrust Banks Inc.,Atlanta,GA,100
Supervalu Inc.,Eden Prairie,MN,100
Sutherland Asbill & Brennan LLP,Atlanta,GA,100
Symantec Corp.,Mountain View,CA,100
SYNNEX Corp.,Fremont,CA,0
SYSCO Corp.,Houston,TX,15
Targa Resources Partners LP,Houston,TX,0
Target Corp.,Minneapolis,MN,85
TD Bank N.A.,Wilmington,DE,100
Teachers Insurance and Annuity Association - College Retirement Equities Fund,New York,NY,100
Tech Data Corp.,Clearwater,FL,100
Telephone & Data Systems Inc. (U.S. Cellular),Chicago,IL,15
Tenet Healthcare,Dallas,TX,48
Tenneco Inc.,Lake Forest,IL,15
Terex Corporation,Westport,CT,30
Tesoro Corp.,San Antonio,TX,15
Texas Instruments Inc.,Dallas,TX,100
Textron Inc.,Providence,RI,35
Thermo Fisher Scientific Inc.,Waltham,MA,30
Thompson Coburn LLP,St. Louis,MO,100
Thomson Reuters,New York,NY,85
Thrivent Financial for Lutherans,Minneapolis,MN,15
Tiffany & Co.,New York,NY,93
Time Warner Cable Inc.,New York,NY,95
Time Warner Inc.,New York,NY,100
Timken Co. The,Canton,OH,30
TJX Companies Inc. The,Framingham,MA,100
T-Mobile USA Inc.,Bellevue,WA,50
Townsend and Townsend and Crew LLP,San Francisco,CA,100
Toyota Financial Services Corp.,Torrance,CA,100
Toyota Motor Sales USA Inc.,Torrance,CA,70
Toys 'R' Us Inc.,Wayne,NJ,88
Travel Impressions Ltd.,Farmingdale,NY,100
TravelCenters of America LLC,Westlake,OH,15
Travelers Companies Inc. The,New York,NY,85
Travelport Ltd.,Parsippany,NJ,100
Troutman Sanders LLP,Atlanta,GA,100
TRW Automotive Holdings Corp.,Livonia,MI,30
Tyson Foods Inc.,Springdale,AR,15
U.S. Bancorp,Minneapolis,MN,100
U.S. Foodservice Inc.,Rosemont,IL,58
UAL Corp. (United Airlines),Chicago,IL,88
UBS AG,Stamford,CT,100
UGI Corp.,King of Prussia,PA,15
Unilever,Englewood Cliffs,NJ,100
Union Pacific Corp.,Omaha,NE,88
Unisys Corp.,Blue Bell,PA,70
United Business Media LLC,Manhasset,NY,100
United Parcel Service Inc. (UPS),Atlanta,GA,100
United Services Automobile Association,San Antonio,TX,0
United States Steel Corp.,Pittsburgh,PA,15
United Stationers Inc.,Deerfield,IL,15
United Technologies Corp.,Hartford,CT,100
UnitedHealth Group Inc.,Minnetonka,MN,0
Universal American Corp.,Rye Brook,NY,15
Universal Health Services,King of Prussia,PA,15
Unum Group,Chattanooga,TN,88
URS Corp.,San Francisco,CA,30
US Airways Group Inc.,Tempe,AZ,100
Valassis Communications Inc.,Livonia,MI,80
Valero Energy Corp.,San Antonio,TX,35
Verizon Communications Inc.,New York,NY,-15
Vertis Inc.,Baltimore,MD,30
VF Corp.,Greensboro,NC,15
Viacom Inc.,New York,NY,100
Vinson & Elkins LLP,Houston,TX,100
Virgin America,Burlingame,CA,100
Virgin Media Inc.,New York,NY,15
Visa,San Francisco,CA,100
Vision Service Plan,Rancho Cordova,CA,65
Visteon Corp.,Van Buren Township,MI,100
Volkswagen of America Inc.,Herndon,VA,100
"Vorys Sater	Seymour & Pease LLP",Columbus,OH,85
W.R. Berkley,Greenwich,CT,0
W.W. Grainger,Lake Forest,IL,40
Wachtell Lipton Rosen & Katz LLP,New York,NY,100
Walgreen Co.,Deerfield,IL,40
Wal-Mart Stores Inc.,Bentonville,AR,40
Walt Disney Co. The,Burbank,CA,100
Waste Management Inc.,Houston,TX,100
Weil Gotshal & Manges LLP,New York,NY,100
WellCare Health Plans Inc.,Tampa,FL,30
WellPoint Inc.,Indianapolis,IN,95
Wells Fargo & Co.,San Francisco,CA,100
WESCO International Inc.,Pittsburgh,PA,30
Western & Southern Financial Group,Cincinnati,OH,30
Western Digital Corp.,Lake Forest,CA,30
Western Refining Inc.,El Paso,TX,15
Western Union Co. The,Englewood,CO,30
Weyerhaeuser Co.,Federal Way,WA,85
Whirlpool Corp.,Benton Harbor,MI,100
White & Case LLP,New York,NY,100
Whole Foods Market Inc.,Austin,TX,85
Wildman  Harrold Allen & Dixon LLP,Chicago,IL,80
Williams Companies Inc.,Tulsa,OK,80
Williams Mullen PC,Richmond,VA,80
Willkie Farr & Gallagher LLP,New York,NY,100
Wilmer Cutler Pickering Hale & Dorr LLP,Washington DC,DC,100
Wilson Sonsini Goodrich & Rosati PC,Palo Alto,CA,100
Winn-Dixie Stores Inc.,Jacksonville,FL,15
Winston & Strawn LLP,Chicago,IL,100
Wisconsin Energy Corp.,Milwaukee,WI,55
Womble Carlyle Sandridge & Rice PLLC,Winston-Salem,NC,65
World Fuel Services,Miami,FL,30
WPP Group USA,New York,NY,93
Wyeth,Madison,NJ,80
Wyndham Worldwide Corp.,Parsippany,NJ,95
Wynn Resorts Ltd.,Las Vegas,NV,100
Xcel Energy Inc.,Minneapolis,MN,95
Xerox Corp.,Norwalk,CT,80
XTO Energy Inc.,Fort Worth,TX,15
Yahoo! Inc.,Sunnyvale,CA,100
YRC Worldwide Inc.,Overland Park,KS,60
Yum! Brands Inc.,Louisville,KY,65
Zurich North America,Schaumburg,IL,80