City,State,Employer,Tier,CEI Rating,Notes
New York,NY,T-Mobile USA Inc.,Presenting,Y,
New York,NY,Mastercard,Preferred,Y,
New York,NY,iHeartMedia Inc.,Presenting,Y,
New York,NY,Campari America,Platinum,N,SKYY Vodka
New York,NY,Target Corp.,Platinum,Y,
New York,NY,Omnicom Group,Platinum,Y,
New York,NY,Walt Disney Co. The,Platinum,Y,ABC 7NY owned by ABC Owned Television Stations (Division of Walt Disney Co.The)
New York,NY,Deutsche Bank,Platinum,Y,
New York,NY,TD Bank N.A.,Platinum,Y,
New York,NY,Hyatt Hotels Corp.,Platinum,Y,
New York,NY,PVH Corp.,Gold,Y,
New York,NY,Macy's Inc.,Gold,Y,
New York,NY,Nissan North America Inc.,Gold,Y,
New York,NY,JPMorgan Chase & Co.,Gold,Y,Chase Bank
New York,NY,Anheuser-Busch Companies Inc.,Gold,Y,Budlight
New York,NY,E. & J. Gallo Winery,Gold,N,Barefoot Wine
New York,NY,Nordstrom Inc.,Gold,Y,
New York,NY,Citigroup Inc.,Gold,Y,
New York,NY,Coca-Cola Co. The,Gold,Y,Diet Coke
New York,NY,Scruff,Gold,Y,
New York,NY,Amazon.com Inc.,Silver,Y,Audible
New York,NY,DaSponsor North America,Silver,Y,
New York,NY,Lyft Inc.,Silver,Y,
New York,NY,NBA,Silver,N,
New York,NY,New York Life Insurance Company,Silver,Y,
New York,NY,NewYork-Presbyterian,Silver,N,
New York,NY,Marriott International Inc.,Bronze,Y,W Hotel New York
New York,NY,HotelPlanner,Bronze,N,
New York,NY,HILTON,Bronze,Y,Graduate Hotel Roosevelt Island
New York,NY,Ace Hotel,Bronze,N,
New York,NY,XPO Logistics,Bronze,Y,
New York,NY,American Airlines,Bronze,Y,
New York,NY,Barry's,Bronze,N,
New York,NY,BFA,Bronze,N,
New York,NY,Just Salad LLC,Bronze,N,
New York,NY,Postmates Inc.,Bronze,N,
New York,NY,L'Oréal USA Inc.,Bronze,Y,Parent Company - Cerave Kiehl's  La Roche-Posay Garnier
New York,NY,HSS,Bronze,Y,
New York,NY,Starbucks Corp.,Bronze,Y,
New York,NY,Manhattan Mini Storage,Bronze,N,
New York,NY,PricewaterhouseCoopers LLP,Bronze,Y,
New York,NY,Warner Media LLC,Bronze,N,
New York,NY,Taimi,Bronze,N,
New York,NY,Perry Street Software,Gold,N,SCRUFF
New York,NY,Nexus Radio,Gold,N,
New York,NY,Jack'D,Gold,N,
New York,NY,Go! Magazine,Gold,N,
New York,NY,Hornet,Gold,N,
New York,NY,Atheleisure,Silver,N,
New York,NY,AM Metro New York,Silver,N,
New York,NY,Get Out! Magazine,Silver,N,
New York,NY,Pink Banana Media,Silver,N,
New York,NY,Gay City News,Silver,N,
New York,NY,Edge Media Network,Bronze,N,
New York,NY,UBC TV,Bronze,N,
New York,NY,Ric Sena Presents,Bronze,N,
New York,NY,Gaytravel.com,Bronze,N,
New York,NY,Mixx Star Magazine,Bronze,N,
New York,NY,Matador Network,Bronze,N,
New York,NY,Discovery Inc.,Platinum,Y,Discovery+
New York,NY,Northwell Health,Platinum,N,
New York,NY,Warner Bros. Discovery,Platinum,Y,
New York,NY,Delta Air Lines Inc.,Platinum,Y,
New York,NY,JetBlue Airways Corp.,Silver,Y,
New York,NY,Marsh & McLennan Companies Inc.,Silver,Y,Lippincott
New York,NY,ViiV Healthcare,Bronze,N,
New York,NY,Homoculture,Silver,N,
New York,NY,L'Or√©al USA Inc.,Platinum,Y,
New York,NY,Jean Paul Gaultier,Gold,N,
New York,NY,H&M,Gold,N,
New York,NY,Reckitt,Gold,Y,Durex
New York,NY,Estée Lauder Companies Inc. The,Gold,Y,Parent Company - MAC Cosmetics Estee Lauder
New York,NY,Galderma,Gold,N,
New York,NY,EssilorLuxottica,Silver,N,
New York,NY,Kind,Silver,N,
New York,NY,United Airlines Holdings Inc.,Bronze,Y,
New York,NY,Alaska Airlines,Bronze,Y,
New York,NY,PepsiCo Inc.,Bronze,Y,
New York,NY,WeWork Management LLC,Bronze,Y,
New York,NY,Park Lane Hotel New York,Bronze,N,
New York,NY,Blonde and Co,Bronze,N,
New York,NY,BeatBox Beverages,Bronze,N,
New York,NY,Kering Americas Inc.,Bronze,Y,
New York,NY,Equalpride,Presenting,N,
New York,NY,Eden,Sponsor,N,
New York,NY,Audacy,Sponsor,N,
New York,NY,GAYTIMES,Sponsor,N,
New York,NY,HER,Sponsor,N,
San Francisco,CA,Kaiser Permanente,Sponsor,Y,
San Francisco,CA,Alaska Airlines,Sponsor,Y,
San Francisco,CA,Gilead Sciences Inc.,Sponsor,Y,
San Francisco,CA,Walt Disney Co. The,Sponsor,Y,
San Francisco,CA,La Crema Winery,Sponsor,N,
San Francisco,CA,Bank of Montreal,Sponsor,N,
San Francisco,CA,Sutter Health ,Sponsor,N,
San Francisco,CA,Stanford Medicine,Sponsor,N,
San Francisco,CA,Grants for the Arts,Sponsor,N,City of San Francisco
San Francisco,CA,Genentech Inc.,Sponsor,Y,
San Francisco,CA,Safeway Foundation,Sponsor,N,
San Francisco,CA,Anheuser-Busch Companies Inc.,Sponsor,Y,Budlight
San Francisco,CA,Diageo North America,Sponsor,Y,Smirnoff 21Seeds DonJulio
San Francisco,CA,Ghirardelli Chocolate Company,Sponsor,Y,
San Francisco,CA,HILTON,Sponsor,Y,
San Francisco,CA,Red Bull North America,Sponsor,N,
San Francisco,CA,U.S. Bancorp,Sponsor,Y,
San Francisco,CA,CA vs Hate,Sponsor,Y,
San Francisco,CA,UCSF Helath,Sponsor,Y,
San Francisco,CA,Starbucks Corp.,Sponsor,Y,
San Francisco,CA,Amazon.com Inc.,Sponsor,Y,
San Francisco,CA,Graton Resort & Casino Company,Sponsor,N,
San Francisco,CA,Benefit Cosmetics LLC,Sponsor,N,LVMH
San Francisco,CA,Nissan North America Inc.,Sponsor,Y,
San Francisco,CA,Saluhall,Sponsor,N,
San Francisco,CA,Target Corp.,Sponsor,Y,
San Francisco,CA,IKEA Holding US Inc.,Sponsor,Y,
San Francisco,CA,Salesforce,Sponsor,Y,
San Francisco,CA,United Airlines Holdings Inc.,Sponsor,Y,
San Francisco,CA,Comcast Cable Communications,Sponsor,N,Xfinity
San Francisco,CA,Bospar PR + Marketing,Sponsor,N,
San Francisco,CA,PG&E Corp.,Sponsor,N,
San Francisco,CA,Kendo Holdings Inc.,Sponsor,N,LVMH
San Francisco,CA,Accor,Sponsor,N,Fairmont Hotels
Seattle,CA,Nissan North America Inc.,Diamond,Y,
Seattle,CA,Diageo North America,Diamond,Y,Smirnoff
Seattle,CA,Amazon.com Inc.,Sponsor,Y,Glamazon
Seattle,CA,Bank of Montreal,Sponsor,Y,
Seattle,CA,T-Mobile USA Inc.,Diamond,Y,
Seattle,CA,Delta Air Lines Inc.,Presenting,Y,
Seattle,CA,Whiteclaw,Diamond,N,
Seattle,CA,Hyatt Vineyards,Diamond,N,
Seattle,CA,Voodoo Ranger,Diamond,N,
Seattle,CA,Marriott International Inc.,Platinum,Y,W Seattle
Seattle,CA,AMC Entertainment Inc.,Silver,Y,
Seattle,CA,Seattle Cider Co,Gold,N,
Seattle,CA,Space Needle,Silver,N,
Seattle,CA,KDJE,Silver,N,
Seattle,CA,4Culture,Silver,N,
Seattle,CA,Dubin Law Group,Silver,N,
Seattle,CA,Office of Arts & Culture Seattle,Silver,N,
Seattle,CA,Weyerhaeuser Co.,Silver,N,
Seattle,CA,Virginia Mason Franciscan Health,Silver,N,
Seattle,CA,American Foundation for Suicide Prevention,Silver,N,
Seattle,CA,Regence,Silver,N,
Seattle,CA,JOYUS,Silver,N,
Seattle,CA,Vaccine Trials Unit,Silver,N,
Seattle,CA,Belltown Insurance Group,Silver,N,
Seattle,CA,ManpowerGroup,Silver,N,Experis
Seattle,CA,Seattle Information Technology,Silver,N,
Seattle,CA,Quantum Wireless LLC,Silver,N,
Seattle,CA,Northeastern University Seattle,Silver,N,
Seattle,CA,Zoomcare,Silver,N,
Seattle,CA,The Advocates Injury Attorneys,Silver,N,
Seattle,CA,BECU,Silver,N,
Seattle,CA,Newport Healthcare,Silver,N,
Seattle,CA,Seattle Counseling and Wellness,Silver,N,
Seattle,CA,North Coast,Silver,N,
Seattle,CA,Albertsons Companies Inc.,Silver,N,Safeway
Seattle,CA,Coordinate Care,Silver,N,
Seattle,CA,Washington Trust Bank,Silver,N,
Seattle,CA,Davis Wright Tremaine LLP,Silver,N,
Seattle,CA,Dignity Memorial,Silver,N,
Seattle,CA,AJDS Healthcare Foundation,Silver,N,
Seattle,CA,BATH Fitter,Silver,N,
Seattle,CA,Brightspark,Silver,N,
Seattle,CA,US Department of Veterans Affairs,Silver,N,
Seattle,CA,Sonepar USA,Silver,N,North Coast
Los Angeles,CA,Walt Disney Co. The,Sponsor,Y,ABC 7
Los Angeles,CA,Amazon.com Inc.,Sponsor,Y,Amazon Amazon One Medical
Los Angeles,CA,Anschutz Entertainment Group Inc.,Sponsor,Y,AEG
Los Angeles,CA,Activision Blizzard,Sponsor,N,
Los Angeles,CA,"Advance Auto Parts, Inc.",Sponsor,N,
Los Angeles,CA,Aids Healthcare Foundation,Sponsor,N,
Los Angeles,CA,Albertsons Companies Inc.,Sponsor,Y,Albertsons Vons Pavillions
Los Angeles,CA,Angel City FC,Sponsor,N,
Los Angeles,CA,Elevance Health,Sponsor,Y,Anthem
Los Angeles,CA,Gap Inc.,Sponsor,Y,Athleta
Los Angeles,CA,AT&T Inc.,Sponsor,Y,
Los Angeles,CA,Anschutz Entertainment Group Inc.,Sponsor,Y,AXS LA Galaxy LA Kings
Los Angeles,CA,Barvarian Nordic,Sponsor,N,
Los Angeles,CA,Beautycounter,Sponsor,N,
Los Angeles,CA,Color Image Apparel Inc.,Sponsor,N,BELLA+CANVAS
Los Angeles,CA,E. & J. Gallo Winery,Sponsor,N,Bev
Los Angeles,CA,Bimbo Bakeries USA,Sponsor,N,
Los Angeles,CA,Generate Life Sciences Co.,Sponsor,N,California Cryobank
Los Angeles,CA,Calm.com Inc.,Sponsor,N,Calm
Los Angeles,CA,Casetagram,Sponsor,N,Casetify
Los Angeles,CA,Cedars-Sinai,Sponsor,N,
Los Angeles,CA,Coca-Cola Co. The,Sponsor,Y,
Los Angeles,CA,Coolhaus,Sponsor,N,
Los Angeles,CA,Constellation Brands Inc.,Sponsor,Y,Corona USA
Los Angeles,CA,Delta Air Lines Inc.,Sponsor,Y,
Los Angeles,CA,Discovery Inc.,Sponsor,Y,
Los Angeles,CA,Denny's Corp.,Sponsor,Y,
Los Angeles,CA,Brunei Investment Agency,Sponsor,N,Dorchester Collection Hotel
Los Angeles,CA,Dream Hotel Group LLC,Sponsor,N,
Los Angeles,CA,EastWest Bank,Sponsor,N,
Los Angeles,CA,EDGE Media Network,Sponsor,N,
Los Angeles,CA,Enterprise Holdings Inc.,Sponsor,Y,Enterprise
Los Angeles,CA,Equity Residential,Sponsor,N,
Los Angeles,CA,Fox Corporation,Sponsor,Y,
Los Angeles,CA,"Global Icons, LLC",Sponsor,N,Fred Segal
Los Angeles,CA,Gilead Sciences Inc.,Sponsor,Y,
Los Angeles,CA,Google Inc.,Sponsor,Y,
Los Angeles,CA,Grindr LLC,Sponsor,N,
Los Angeles,CA,H&M Group,Sponsor,N,
Los Angeles,CA,American Honda Motor Co.,Sponsor,Y,
Los Angeles,CA,Walt Disney Co. The,Sponsor,Y,Hulu
Los Angeles,CA,iHeartMedia Inc.,Sponsor,Y,iHeartRadio
Los Angeles,CA,Maplebear Inc.,Sponsor,N,Instacart
Los Angeles,CA,J.C. Penney Co. Inc.,Sponsor,Y,
Los Angeles,CA,Kaiser Permanente,Sponsor,Y,
Los Angeles,CA,Keck  School of Medicine of USC,Sponsor,N,
Los Angeles,CA,Kim Crawford,Sponsor,N,
Los Angeles,CA,KimChi Beauty,Sponsor,N,
Los Angeles,CA,LA Blade,Sponsor,N,
Los Angeles,CA,L.A. Care Health Plan,Sponsor,N,
Los Angeles,CA,Guggenheim Baseball Management,Sponsor,N,LA Dodgers
Los Angeles,CA,LAFC,Sponsor,N,
Los Angeles,CA,Buss Family Trusts,Sponsor,N,Los Angeles Lakers
Los Angeles,CA,Los Angles Rams LLC,Sponsor,N,LA Rams
Los Angeles,CA,LA 2028,Sponsor,N,
Los Angeles,CA,LADWP,Sponsor,N,
Los Angeles,CA,Southern California Public Radio,Sponsor,N,LAist
Los Angeles,CA,Live Nation Entertainment Inc.,Sponsor,N,
Los Angeles,CA,L'Oreal USA Inc.,Sponsor,N,
Los Angeles,CA,Los Angeles Tourism & Convention Board,Sponsor,N,
Los Angeles,CA,LVMH,Sponsor,N,
Los Angeles,CA,Lyft Inc.,Sponsor,Y,
Los Angeles,CA,Estee Lauder Companies Inc. The,Sponsor,N,MAC Cosmetic
Los Angeles,CA,Macy's Inc.,Sponsor,Y,
Los Angeles,CA,McDonald's Corp.,Sponsor,Y,
Los Angeles,CA,Metro LA,Sponsor,Y,
Los Angeles,CA,Microsoft Corp.,Sponsor,Y,
Los Angeles,CA,Marriott International Inc.,Sponsor,Y,Marriott W Hotel
Los Angeles,CA,Million Dollar Vegan,Sponsor,N,
Los Angeles,CA,NFL,Sponsor,N,
Los Angeles,CA,Nordstrom Inc.,Sponsor,Y,
Los Angeles,CA,Samsung Electronics America Inc.,Sponsor,Y,Samsung
Los Angeles,CA,Optum Inc.,Sponsor,N,
Los Angeles,CA,Academy of Motion Pictures Arts & Science,Sponsor,N,
Los Angeles,CA,Ultimate Fitness Group LLC,Sponsor,Y,Orangetheory Fitness
Los Angeles,CA,Comcast NBCUniversal,Sponsor,Y,
Los Angeles,CA,APLA Health,Sponsor,N,
Los Angeles,CA,PepsiCo Inc.,Sponsor,Y,
Los Angeles,CA,John Paul Mitchell Systems,Sponsor,N,Paul Mitchell
Los Angeles,CA,Petco Health & Wellness Inc.,Sponsor,Y,
Los Angeles,CA,Paramount,Sponsor,Y,Pluto TV
Los Angeles,CA,Carnival Corporation & plc,Sponsor,N,Princess Cruises
Los Angeles,CA,Precept Wine & Spirits,Sponsor,N,
Los Angeles,CA,Randstad,Sponsor,N,
Los Angeles,CA,Sponsor Motors Co.,Sponsor,Y,Chevrolet
Los Angeles,CA,Rare Beauty Brands Inc,Sponsor,N,
Los Angeles,CA,Starbucks Corp.,Sponsor,Y,
Los Angeles,CA,Sony Pictures Entertainment Inc.,Sponsor,Y,
Los Angeles,CA,ViiV Healthcare,Sponsor,N,
Los Angeles,CA,Riot Games Inc.,Sponsor,Y,
Los Angeles,CA,Target Corp.,Sponsor,Y,
Los Angeles,CA,Suja Life,Sponsor,N,
Los Angeles,CA,Splat Hair Color,Sponsor,N,
Los Angeles,CA,Constellation Brands Inc.,Sponsor,Y,Svedka
Los Angeles,CA,Taimi,Sponsor,N,
Los Angeles,CA,Sunset Studio,Sponsor,N,
Los Angeles,CA,Teleflora,Sponsor,N,
Los Angeles,CA,Bytedance,Sponsor,N,Tiktok
Los Angeles,CA,Tiffany & Co.,Sponsor,Y,
Los Angeles,CA,Toyota North America,Sponsor,Y,
Los Angeles,CA,TJX Companies Inc. The,Sponsor,Y,
Los Angeles,CA,UCLA Library,Sponsor,N,
Los Angeles,CA,UCLA Health,Sponsor,N,
Los Angeles,CA,United Parcel Service Inc.,Sponsor,Y,UPS
Los Angeles,CA,UGG,Sponsor,N,
Los Angeles,CA,TelevisaUnivision,Sponsor,Y,
Los Angeles,CA,U.S. Bancorp,Sponsor,Y,
Los Angeles,CA,Warner Bros. Discovery,Sponsor,N,
Los Angeles,CA,Yahoo! Inc.,Sponsor,Y,
Portland,OR,Alaska Airlines,Presenting,Y,
Portland,OR,City of Portland,Presenting,N,
Portland,OR,Fred Meyer,Presenting,N,
Portland,OR,Human Rights Campaign,Presenting,N,
Portland,OR,Nike Inc.,Presenting,Y,
Portland,OR,Portland Sponsor Electric Co.,Presenting,Y,PGE
Portland,OR,Autodesk Inc.,VIP,Y,
Portland,OR,CareOregon,VIP,N,
Portland,OR,NW Natural,VIP,N,
Portland,OR,Oregon Health & Science University,VIP,N,
Portland,OR,Travel Portland,VIP,N,
Portland,OR,Deschutes Brewery,In-Kind,N,
Portland,OR,Hip Chicks Do Wine,In-Kind,N,
Portland,OR,Morel Ink,In-Kind,N,
Portland,OR,Pair of Theives,In-Kind,N,
Portland,OR,Wild Roots,In-Kind,N,
Portland,OR,Nexstar Media Group,Media,N,
Portland,OR,iHeartMedia Inc.,Media,Y,
Portland,OR,Adidas North America Inc.,Pride,Y,
Portland,OR,Arete/Avamere Living,Pride,N,
Portland,OR,Bank of Montreal,Pride,N,
Portland,OR,Columbia Sportswear Company,Pride,Y,
Portland,OR,Daimler Trucks North America LLC,Pride,Y,
Portland,OR,Energy Trust of Oregon,Pride,N,
Portland,OR,JPMorgan Chase & Co.,Pride,Y,
Portland,OR,KeyBank,Pride,N,
Portland,OR,Kaiser Permanente,Pride,Y,
Portland,OR,Legacy Health,Pride,N,
Portland,OR,Lease Crutcher Lewis,Pride,N,
Portland,OR,New Seasons Market,Pride,N,
Portland,OR,Nordstrom Inc.,Pride,Y,
Portland,OR,OnPoint Community Credit Union,Pride,N,
Portland,OR,Pacific Power,Pride,N,
Portland,OR,Providence Health Plan,Pride,N,
Portland,OR,Quantum Wireless LLC,Pride,N,Quantum Fiber
Portland,OR,T-Mobile USA Inc.,Pride,Y,
Portland,OR,Tri-County Metropolitan Transportation District of Oregon,Pride,N,
Portland,OR,Unitus Community Credit Union,Pride,N,
Portland,OR,University of Oregon,Pride,N,
Portland,OR,Umpqua Bank,Pride,N,
Portland,OR,U.S. Bancorp,Pride,Y,
Portland,OR,XPO Logistics,Pride,Y,
Portland,OR,AAA Oregon,Rainbow,N,
Portland,OR,CVS Health Corp.,Rainbow,N,
Portland,OR,Intel Corp.,Rainbow,Y,
Portland,OR,KinderCare Learning Companies,Rainbow,N,
Portland,OR,Macy's Inc.,Rainbow,Y,
Portland,OR,LAIKA,Rainbow,N,
Portland,OR,Portland State University,Rainbow,N,
Portland,OR,Albertsons Companies Inc.,Rainbow,Y,Safeway Albertson
Portland,OR,Trillium,Rainbow,N,
Portland,OR,Zoomcare,Rainbow,N,
San Diego,CA,Viejas Casino & Resorts,Presenting,N,
San Diego,CA,Harrah's Resort,Parade,N,
San Diego,CA,Constellation Brands Inc.,Sponsor,Y,Corona Extra
San Diego,CA,Falck,Sponsor,N,
San Diego,CA,Qualcomm Inc.,Sponsor,Y,
San Diego,CA,Hewlett Packard Enterprise Co.,Sponsor,Y,
San Diego,CA,Fifth Generation Inc,Sponsor,N,Tito's Vodka
San Diego,CA,Hyatt Hotels Corp.,Sponsor,Y,
San Diego,CA,See Tickets,Sponsor,N,
San Diego,CA,Aids Healthcare Foundation,Sponsor,N,
San Diego,CA,Empowered against MPOX,Sponsor,N,
San Diego,CA,Safilo,Sponsor,N,Blenders Eyewear
San Diego,CA,CS vs Hate,Sponsor,N,
San Diego,CA,FRWSD,Sponsor,N,
San Diego,CA,U.S. Bancorp,Sponsor,Y,
San Diego,CA,"Cox Communications, Inc.",Sponsor,N,
San Diego,CA,Eli Lilly & Co.,Sponsor,Y,Lilly
San Diego,CA,Nissan North America Inc.,Sponsor,Y,
San Diego,CA,Options for All,Sponsor,N,
San Diego,CA,Rich's San Diego,Sponsor,N,
San Diego,CA,Sony Corporation of America,Sponsor,Y,
San Diego,CA,ServiceNow,Sponsor,Y,
San Diego,CA,Pro Systems,Sponsor,N,
San Diego,CA,JC Master Distribution Limited,Sponsor,N,1800 Tequila
San Diego,CA,Alaska Airlines,Sponsor,Y,
San Diego,CA,Coca-Cola Co. The,Sponsor,Y,
San Diego,CA,Cupcake Vineyards,Sponsor,N,
San Diego,CA,Jamu l Casino,Sponsor,N,
San Diego,CA,Justice for Renters,Sponsor,N,
San Diego,CA,Pendry Hotels & Resorts,Sponsor,N,
San Diego,CA,Petco Health & Wellness Inc.,Sponsor,Y,
San Diego,CA,Rady Children's Hospital San Diego,Sponsor,N,
San Diego,CA,San Diego FC,Sponsor,N,
San Diego,CA,San Diego Wave FC,Sponsor,N,
San Diego,CA,Sycuan Casino and Resort,Sponsor,N,
San Diego,CA,Synchrony,Sponsor,Y,
San Diego,CA,Turner Construction Co.,Sponsor,Y,
San Diego,CA,UC San Diego Health,Sponsor,N,
San Diego,CA,ViiV Healhcare,Sponsor,N,
San Diego,CA,Amazon.com Inc.,Sponsor,Y,
San Diego,CA,Gilead Sciences Inc.,Sponsor,Y,
San Diego,CA,Genentech Inc.,Sponsor,Y,
San Diego,CA,Kaiser Permanente,Sponsor,Y,
San Diego,CA,Illumina,Sponsor,Y,
San Diego,CA,SDGE,Sponsor,N,
San Diego,CA,Deloitte LLP,Sponsor,Y,
San Diego,CA,Children's Primary Care Medical Group,Sponsor,N,
San Diego,CA,Aya Healthcare,Sponsor,N,
San Diego,CA,Westgate Hotel,Sponsor,N,
San Diego,CA,CR ASSOCIATES,Sponsor,N,
San Diego,CA,DPR Construction,Sponsor,N,
San Diego,CA,Mission Fed Credit Union,Sponsor,N,
San Diego,CA,Punch Bowl Social,Sponsor,N,
San Diego,CA,A-Z Limousines.com,Sponsor,N,
San Diego,CA,McFarlane Promotion Inc.,Sponsor,N,
San Diego,CA,Fabulous Hillcrest,Sponsor,N,
San Diego,CA,IKEA Holding US Inc.,Sponsor,Y,
San Diego,CA,twisted egos,Sponsor,N,
San Diego,CA,Metropolitan Transit System,Sponsor,N,
San Diego,CA,Pacific Arts Movement,Sponsor,N,
San Diego,CA,OutAt Inc.,Sponsor,N,
San Diego,CA,LE Parties,Sponsor,N,
San Diego,CA,ID Lubricants,Sponsor,N,
San Diego,CA,TelevisaUnivision,Media,Y,
San Diego,CA,TEGNA Inc.,Media,Y,ABC 10 San Diego CBS 8
Phoenix,AZ,Hensley Beverage Conpany,Presenting,N,
Phoenix,AZ,Circle K,Diamond,N,
Phoenix,AZ,The Arizona Republic,Silver,N,
Phoenix,AZ,TelevisaUnivision,Silver,N,
Phoenix,AZ,Spectrum Medical,Silver,N,
Phoenix,AZ,Brown-Forman Corp.,Bronze,Y,el Jumador Tequila
Phoenix,AZ,Fabulous Me,Bronze,N,
Phoenix,AZ,Jack Daniel's Properties Inc.,Bronze,N,
Phoenix,AZ,Ogeez,Bronze,N,
Phoenix,AZ,We The People Clothing,Bronze,N,
Phoenix,AZ,Albertsons Companies Inc.,Community,Y,Albertsons Safeway
Phoenix,AZ,Aunt Rita's Foundation,Community,N,
Phoenix,AZ,Bank of Montreal,Community,N,
Phoenix,AZ,BlueCross Blueshield Arizona,Community,N,
Phoenix,AZ,Castle Megastore,Community,N,
Phoenix,AZ,Charlie's Phoenix,Community,N,
Phoenix,AZ,Pheonix City Fast Track,Community,N,
Phoenix,AZ,Community Bridge Inc.,Community,N,
Phoenix,AZ,CVS Health Corp.,Community,Y,CVS speciality
Phoenix,AZ,Edward Jones,Community,Y,
Phoenix,AZ,Fascinations,Community,N,
Phoenix,AZ,Intel Corp.,Community,Y,
Phoenix,AZ,Verizon Communications Inc.,Community,Y,
Phoenix,AZ,SRP,Community,N,
Denver,CO,Amazon.com Inc.,Sponsor,Y,
Denver,CO,Albertsons Companies Inc.,Sponsor,Y,Safeway
Denver,CO,Verizon Communications Inc.,Sponsor,Y,
Denver,CO,Colorado LGBTQ Chamber of Commerce,Sponsor,N,
Denver,CO,Walmart Inc.,Sponsor,Y,
Denver,CO,Xcel Energy Inc.,Sponsor,Y,
Denver,CO,Pax8,Sponsor,N,
Denver,CO,Nissan North America Inc.,Sponsor,Y,
Denver,CO,UCHealth,Sponsor,N,
Denver,CO,Ball Corporation,Sponsor,N,
Denver,CO,Connect for Health Colorado,Sponsor,N,
Denver,CO,Love Ignites Peace,Sponsor,N,
Denver,CO,Smartwool,Sponsor,N,
Denver,CO,Floyd’s 99 Barbershop,Sponsor,N,
Denver,CO,Jacobs Engineering Group Inc.,Sponsor,Y,
Denver,CO,TBL Licensing LLC,Sponsor,N,Smartwool
Denver,CO,Diageo North America,Sponsor,Y,Smirnoff
Denver,CO,U.S. Bancorp,Sponsor,Y,
Denver,CO,Simply Delicious Inc,Sponsor,N,Bobo's
Denver,CO,University of Corolado,Sponsor,N,
Denver,CO,AARP Colorado,Sponsor,N,
Denver,CO,E. W. Scripps Company,Sponsor,N,Denver 7
Denver,CO,CoBank,Sponsor,Y,
Denver,CO,E. & J. Gallo Winery,Sponsor,N,Barefoot Wine
Denver,CO,Comcast Cable Communications,Sponsor,N,Xfinity
Denver,CO,PDC Energy,Sponsor,N,
Denver,CO,Weedmaps,Sponsor,N,
Denver,CO,Visit Denver,Sponsor,N,
Denver,CO,Get Your Gay On!!!,Sponsor,N,
Denver,CO,Molson Coors Beverage Company,Sponsor,Y,Coors Light
Denver,CO,Colorado Frontrunners,Sponsor,N,
Denver,CO,Eldorado Natural Spring Water,Sponsor,N,
Minneapolis,MN,Delta Air Lines Inc.,Sponsor,Y,
Minneapolis,MN,Target Corp.,Sponsor,Y,
Minneapolis,MN,Mayo Clinic,Sponsor,N,
Minneapolis,MN,M Health Fairview,Sponsor,N,
Minneapolis,MN,Thrivent Financial,Sponsor,Y,
Minneapolis,MN,CHS Inc.,Sponsor,Y,
Minneapolis,MN,Pair of Theives,Sponsor,N,
Minneapolis,MN,Xcel Energy Inc.,Sponsor,Y,
Minneapolis,MN,Rainbow Health,Sponsor,N,
Minneapolis,MN,North Memorial Halth,Sponsor,N,
Minneapolis,MN,3M Co.,Sponsor,Y,
Minneapolis,MN,UnitedHealth Group Inc.,Sponsor,Y,
Minneapolis,MN,Boston Scientific Corp.,Sponsor,Y,
Minneapolis,MN,Verizon Communications Inc.,Sponsor,Y,
Minneapolis,MN,United Natural Foods Inc.,Sponsor,Y,Cub
Minneapolis,MN,Becoming Together Therapy and Wellness,Sponsor,N,
Minneapolis,MN,AARP Minnesota,Sponsor,N,
Minneapolis,MN,Memorial Blood Center,Sponsor,N,
Minneapolis,MN,Human Rights Campaign,Sponsor,N,
Minneapolis,MN,Children's Minnesota,Sponsor,N,
Minneapolis,MN,myTalk 107.1,Sponsor,N,
Minneapolis,MN,Allianz Life Insurance Co. of North America,Sponsor,Y,
Minneapolis,MN,Quantum Wireless LLC,Sponsor,N,
Minneapolis,MN,Wells Fargo & Co.,Sponsor,Y,
Minneapolis,MN,NE1 Dental,Sponsor,N,
Minneapolis,MN,Metro Transit,Sponsor,N,
Minneapolis,MN,Petco Health & Wellness Inc.,Sponsor,Y,
Minneapolis,MN,Abbott Laboratories,Sponsor,Y,
Minneapolis,MN,Best Buy Co. Inc.,Sponsor,Y,
Minneapolis,MN,Securian Financial Group Inc.,Sponsor,Y,
Minneapolis,MN,U.S. Bancorp,Sponsor,Y,
Minneapolis,MN,Nestle Purina PetCare Co.,Sponsor,Y,
Minneapolis,MN,Nordstrom Inc.,Sponsor,Y,
Minneapolis,MN,Carlson Inc.,Sponsor,Y,
Minneapolis,MN,Twin Cities in Motion,Sponsor,N,
Minneapolis,MN,White Bear Mitsubishi,Sponsor,N,
Minneapolis,MN,Morrie's Auto Group,Sponsor,N,
Minneapolis,MN,Ryan Companies,Sponsor,N,
Minneapolis,MN,Guthrie Theater,Sponsor,N,
Minneapolis,MN,GoGoSqueez,Sponsor,N,
Minneapolis,MN,Allina Health,Sponsor,N,
Minneapolis,MN,Delta Dental\,Sponsor,N,
Minneapolis,MN,Caribou Coffee,Sponsor,N,
Minneapolis,MN,Lifetime,Sponsor,N,
Minneapolis,MN,Prairie Care,Sponsor,N,
Minneapolis,MN,Spaar,Sponsor,N,
Minneapolis,MN,Girl Scouts River Vallyes,Sponsor,N,
Minneapolis,MN,KEMP,Sponsor,N,
Minneapolis,MN,MUNFC,Sponsor,N,
Chicago,IL,"Cboe Exchange, Inc",Sponsor,N,
Chicago,IL,Cupcake Vineyards,Sponsor,N,
Chicago,IL,Dyson Inc.,Sponsor,N,
Chicago,IL,Federal Reserve Bank of Chicago,Sponsor,N,
Chicago,IL,Kimberly-Clark Corp.,Sponsor,Y,
Chicago,IL,Hard Rock Casino Northern Indiana,Sponsor,N,
Chicago,IL,Legrand North America LLC,Sponsor,N,
Chicago,IL,Starbucks Corp.,Sponsor,Y,
Chicago,IL,Beiersdorf,Sponsor,N,
Chicago,IL,Diageo North America,Sponsor,Y,
Chicago,IL,Tiffany & Co.,Sponsor,Y,
Chicago,IL,Ulta Salon Cosmetics & Fragrance,Sponsor,Y,Ulta Beauty
Dallas,TX,Constellation Brands Inc.,Sponsor,Y,
Dallas,TX,Starbucks Corp.,Sponsor,Y,
Dallas,TX,Walmart Inc.,Sponsor,Y,
Dallas,TX,Molson Coors Beverage Company,Sponsor,Y,Miller Lite
Dallas,TX,Amazon.com Inc.,Sponsor,Y,
Dallas,TX,DART,Sponsor,N,
Dallas,TX,Summer Water Rose,Sponsor,N,
Dallas,TX,Bavarian Nordic,Sponsor,N,
Dallas,TX,Aids Healthcare Foundation,Sponsor,N,
Dallas,TX,Paycom Payroll LLC,Sponsor,N,
Dallas,TX,American Airlines,Sponsor,Y,
Dallas,TX,EssilorLuxottica,Sponsor,N,
Dallas,TX,Comerica Inc.,Sponsor,Y,
Dallas,TX,The Anthony Borrow Trust,Sponsor,N,
Dallas,TX,JPMorgan Chase & Co.,Sponsor,Y,
Dallas,TX,The Exchange,Sponsor,N,
Dallas,TX,American Honda Motor Co.,Sponsor,Y,
Dallas,TX,Toyota North America,Sponsor,Y,
Dallas,TX,Hollywood Feed ,Sponsor,N,
Dallas,TX,Nebraska Furniture Mart,Sponsor,N,
Dallas,TX,Ally Financial Inc.,Sponsor,Y,
Dallas,TX,Optimum Nutrition,Sponsor,N,
Dallas,TX,Gartner Inc.,Sponsor,Y,
Dallas,TX,Meow Wolf Grapevine,Sponsor,N,
Dallas,TX,7-Eleven Inc,Sponsor,N,
Dallas,TX,Goodblen Medical Marijuana,Sponsor,N,
Dallas,TX,Spark powered by AHF,Sponsor,N,
Dallas,TX,Metrocare,Sponsor,N,
Dallas,TX,Bank of America Corp.,Sponsor,N,
Dallas,TX,Liberty Mutual Group,Sponsor,Y,
Dallas,TX,Wings Dallas,Sponsor,N,
Dallas,TX,Target Corp.,Sponsor,Y,
Dallas,TX,impulsedallas,Sponsor,N,
Dallas,TX,Prism Health,Sponsor,N,
Dallas,TX,Pair of Theives,Sponsor,N,
Dallas,TX,Lockheed Martin Corp.,Sponsor,Y,
Dallas,TX,Gilead Sciences Inc.,Sponsor,Y,
Dallas,TX,Santander US,Sponsor,Y,
Dallas,TX,Gensler,Sponsor,N,
Dallas,TX,Airbus Americas Inc.,Sponsor,Y,
Austin,TX,Ultimate Fitness Group LLC,Orange,Y,Orangetheory Fitness
Austin,TX,Cupcake Vineyards,Orange,N,
Austin,TX,Subaru of America Inc.,Orange,Y,Austin Subaru
Austin,TX,Aids Healthcare Foundation,Orange,N,
Austin,TX,Ameican Campus Communities,Yellow,N,
Austin,TX,Canva Inc.,Yellow,N,
Austin,TX,H-E-B Grocery Company LP,Yellow,N,
Austin,TX,Starbucks Corp.,Yellow,Y,
Austin,TX,Expedia Group,Yellow,Y,
Austin,TX,Adultatplay,Yellow,N,
Austin,TX,Austin FC,Yellow,N,
Austin,TX,Vivent Health,Yellow,N,
Austin,TX,Via313 Pizzaria,Green,N,
Austin,TX,Greystar,Blue,N,
Austin,TX,SciPlay,Blue,N,
Austin,TX,Supplying Demand Inc.,Blue,N,Liquid Death
Austin,TX,Zilliant,Blue,N,
Austin,TX,Verizon Communications Inc.,Blue,Y,
Austin,TX,Intera,Purple,N,
Austin,TX,Hollywood Feed ,Purple,N,
Austin,TX,Austin Parks Foundation,Purple,N,
Austin,TX,Nordstrom Inc.,Purple,Y,
Austin,TX,Indeed Inc.,Purple,Y,
Austin,TX,TEGNA Inc.,Purple,Y,KVUE ABC
Austin,TX,Abbott Laboratories,Purple,Y,
Austin,TX,Alert Media,Purple,N,
Austin,TX,Four Hands,Purple,N,
Austin,TX,Planview,Purple,N,
Austin,TX,Texas Gas Service,Purple,N,
Austin,TX,Confluent,Purple,N,
Austin,TX,Ziff Davis Prism,Purple,N,
Houston,TX,Anheuser-Busch Companies Inc.,Platinum,Y,Budlight
Houston,TX,Diageo North America,Platinum,Y,Smirnoff
Houston,TX,Walt Disney Co. The,Platinum,Y,ABC 13
Houston,TX,Audacy,Platinum,N,
Houston,TX,Shell USA Inc.,Gold,Y,
Houston,TX,Hewlett Packard Enterprise Co.,Gold,Y,
Houston,TX,See Tickets,Gold,N,
Houston,TX,Aids Healthcare Foundation,Gold,N,
Houston,TX,1041 KBRE,Gold,N,
Houston,TX,Walgreen Co.,Silver,Y,
Houston,TX,Target Corp.,Silver,Y,
Houston,TX,The University of Texas MD Anderson Cancer Center,Silver,N,
Houston,TX,Hollywood Feed ,Bronze Plus,N,
Houston,TX,BASF Corp.,Bronze,Y,
Houston,TX,Legacy Community Health,Bronze,N,
Houston,TX,Kroger Co. The,Bronze,Y,
Houston,TX,Pernod Ricard USA LLC,Bronze,Y,Absolut
Houston,TX,Coca-Cola Co. The,Bronze,Y,
Houston,TX,Capital One Financial Corp.,Bronze,Y,
Houston,TX,Hyatt Hotels Corp.,Community,Y,
Houston,TX,Williams Companies Inc.,Community,Y,
New Orleans,LA,Shell USA Inc.,Sponsor,Y,
New Orleans,LA,Aids Healthcare Foundation,Sponsor,N,
New Orleans,LA,Cox Communications,Sponsor,N,
New Orleans,LA,Bayer U.S. LLC,Sponsor,Y,
New Orleans,LA,HILTON,Sponsor,Y,
New Orleans,LA,Caesars Entertainment Inc.,Sponsor,Y,
New Orleans,LA,Medvet,Sponsor,N,
New Orleans,LA,Pernod Ricard USA LLC,Sponsor,Y,Absolut
New Orleans,LA,Pheonix Bar,Sponsor,N,
New Orleans,LA,Robert Fresh Market,Sponsor,N,
New Orleans,LA,Acamaya,Sponsor,N,
New Orleans,LA,DJB Design,Sponsor,N,
New Orleans,LA,Prints & Promos,Sponsor,N,
New Orleans,LA,Integrity Health & Wellness,Sponsor,N,
New Orleans,LA,Avita Pharmacy,Sponsor,N,
Orlando,FL,Liberty Mutual Group,Sponsor,Y,
Orlando,FL,American Automobile Association,Sponsor,N,
Orlando,FL,26Health,Sponsor,N,
Orlando,FL,Aids Healthcare Foundation,Sponsor,N,
Orlando,FL,Bank of America Corp.,Sponsor,Y,
Orlando,FL,Alight Solutions,Sponsor,Y,
Orlando,FL,AARP Orlando,Sponsor,N,
Orlando,FL,Assured Partners,Sponsor,N,
Orlando,FL,Walt Disney Co. The,Sponsor,Y,
Orlando,FL,Watermark Publishing Group,Sponsor,N,
Orlando,FL,Wendy's Co. The,Sponsor,Y,
Orlando,FL,TelevisaUnivision,Sponsor,Y,
Orlando,FL,Hearst Corp. The,Sponsor,Y,WESH 2 NBC
Orlando,FL,Winn Dixie,Sponsor,N,
Orlando,FL,Universal Orlando Resort,Sponsor,N,
Orlando,FL,The YMCA,Sponsor,N,
Orlando,FL,First Horizon Corporation,Sponsor,Y,
Orlando,FL,HILTON,Sponsor,Y,
Orlando,FL,Audubon,Sponsor,N,
Orlando,FL,AYR Cannabis,Sponsor,N,
Orlando,FL,B Stock,Sponsor,N,
Orlando,FL,Black Health Commission,Sponsor,N,
Orlando,FL,Bleacher Rentals,Sponsor,N,
Orlando,FL,Bliss Health,Sponsor,N,
Orlando,FL,Darden Restaurants Inc.,Sponsor,Y,
Orlando,FL,PetSmart LLC,Sponsor,Y,
Orlando,FL,Shake Shack Inc.,Sponsor,Y,
Orlando,FL,OutClique,Sponsor,N,
Orlando,FL,Hyatt Hotels Corp.,Sponsor,Y,
Orlando,FL,Harmony Healthcare,Sponsor,N,
Orlando,FL,Healthy MD,Sponsor,N,
Orlando,FL,Travel + Leisure Co.,Sponsor,Y,
Orlando,FL,Fifth Generation Inc,Sponsor,N,Tito's Vodka
Orlando,FL,Spirit Airlines,Sponsor,N,
Orlando,FL,Siemens Corp.,Sponsor,Y,
Orlando,FL,OneRail,Sponsor,N,
Miami,FL,Fifth Generation Inc,Diamond,N,Tito's Vodka
Miami,FL,Molson Coors Beverage Company,Diamond,Y,Miller Lite Vizzy
Miami,FL,Aids Healthcare Foundation,Diamond,N,
Miami,FL,CAN Community Health,Diamond,N,
Miami,FL,Delta Air Lines Inc.,Diamond,Y,
Miami,FL,Miami Dade County,Diamond,N,
Miami,FL,La Crema Winery,Diamond,N,
Miami,FL,Capital One Financial Corp.,Platinum,Y,
Miami,FL,Fiserv Inc.,Platinum,Y,
Miami,FL,Jack Daniel's Properties Inc.,Bronze,N,
Miami,FL,Healthy MD,Platinum,N,
Miami,FL,Mexica,Platinum,N,
Miami,FL,TD Bank N.A.,Platinum,N,
Miami,FL,Comcast NBCUniversal,Media,Y,WTVJ NBC 6
Miami,FL,equalpride,Media,N,
Miami,FL,EDGE Media Network,Media,N,
Miami,FL,GAYTIMES,Media,N,
Miami,FL,Miami New Times,Media,N,
Miami,FL,WIREMAG,Media,N,
Miami,FL,Ambiente Revista Magazine,Media,N,
Miami,FL,OUTFRONT,Media,N,
Miami,FL,Coca-Cola Co. The,Gold,Y,
Miami,FL,Gilead Sciences Inc.,Gold,Y,
Miami,FL,Axel Beach Miama South Beach,Gold,N,
Miami,FL,Suja Organic,Gold,N,
Miami,FL,3DXING,Gold,N,
Miami,FL,iChef LLC,Gold,N,
Miami,FL,R House,Gold,N,
Miami,FL,Synchrony,Gold,N,
Miami,FL,Master Sound Productions,Gold,N,
Miami,FL,PepsiCo Inc.,Gold,Y,NatuChips Frito-Lay North America
Miami,FL,Airbus Americas Inc.,Silver,Y,
Miami,FL,Starbucks Corp.,Silver,Y,
Miami,FL,FedEx Corp.,Silver,Y,
Miami,FL,Amazon.com Inc.,Bronze,Y,
Miami,FL,Bank of America Corp.,Bronze,Y,
Miami,FL,Mastercard,Bronze,Y,
Miami,FL,Red Bull North America,Bronze,N,
Miami,FL,Friendly John,Bronze,N,
Miami,FL,Colony Hotel,Bronze,N,
Atlanta,GA,Coca-Cola Co. The,Rainbow,Y,
Atlanta,GA,Delta Air Lines Inc.,Rainbow,Y,
Atlanta,GA,Grady,Rainbow,N,
Atlanta,GA,Power 105.3,Rainbow,N,
Atlanta,GA,Peachtree TV,Rainbow,N,
Atlanta,GA,Cox Enterprises Inc.,Diamond,Y,
Atlanta,GA,Intuit Inc.,Diamond,Y,
Atlanta,GA,Marta,Diamond,N,
Atlanta,GA,Google Inc.,Platinum,Y,
Atlanta,GA,Marriott International Inc.,Platinum,Y,
Atlanta,GA,Mercedes-Benz,Platinum,N,
Atlanta,GA,Fiserv Inc.,Gold,Y,
Atlanta,GA,Sponsor Motors Co.,Gold,Y,Chevrolet
Atlanta,GA,NCR Corp.,Gold,Y,NCR Voyix
Atlanta,GA,Enterprise Holdings Inc.,Gold,Y,Enterprise Car Renting
Atlanta,GA,Cupcake Vineyards,Gold,N,
Atlanta,GA,HD Supply,Gold,N,
Atlanta,GA,Inspire,Gold,N,
Atlanta,GA,Norfolk Southern Corp.,Gold,Y,
Atlanta,GA,Aids Healthcare Foundation,Silver,N,
Atlanta,GA,Global Payments Inc.,Silver,Y,
Atlanta,GA,Earth Link,Silver,N,
Atlanta,GA,Gilead Sciences Inc.,Silver,Y,
Atlanta,GA,Kaiser Permanente,Silver,Y,
Atlanta,GA,Kroger Co. The,Silver,Y,
Atlanta,GA,Jack Daniel's Properties Inc.,Silver,N,
Atlanta,GA,PNC Financial Services Group Inc. The,Silver,Y,
Atlanta,GA,LexisNexis,Silver,N,
Atlanta,GA,Piedmont,Silver,N,
Atlanta,GA,American Honda Motor Co.,Silver,Y,
Atlanta,GA,Volkswagen Group of America Inc.,Silver,Y,
Atlanta,GA,Ally Financial Inc.,Bronze,Y,
Atlanta,GA,Ernst & Young LLP,Bronze,Y,
Atlanta,GA,Aflac Incorporated,Bronze,Y,
Atlanta,GA,ADP,Bronze,Y,
Atlanta,GA,Equifax Inc.,Bronze,Y,
Atlanta,GA,Clorox Co. The,Bronze,Y,The Clorox Company
Atlanta,GA,Hyatt Hotels Corp.,Bronze,Y,
Atlanta,GA,KPMG LLP,Bronze,Y,
Atlanta,GA,Micron Technology Inc.,Bronze,Y,
Atlanta,GA,ivision,Bronze,N,
Atlanta,GA,King & Spalding LLP,Bronze,Y,
Atlanta,GA,Honeywell International Inc.,Bronze,Y,
Atlanta,GA,Dick's Sporting Goods Inc.,Bronze,Y,
Atlanta,GA,Hollywood Feed ,Bronze,N,
Atlanta,GA,Ralph Lauren Corp.,Bronze,Y,
Atlanta,GA,Salesforce,Bronze,Y,
Atlanta,GA,U.S. Bancorp,Bronze,Y,
Atlanta,GA,Comcast Cable Communications,Bronze,N,Xfinity
Washington DC,DC,Amazon.com Inc.,Proud,Y,
Washington DC,DC,DARCARS,Proud,N,
Washington DC,DC,Marriott International Inc.,Proud,Y,
Washington DC,DC,La Crema Winery,Visionary,N,
Washington DC,DC,Kaiser Permanente,Visionary,Y,
Washington DC,DC,MGM Resorts International,Visionary,Y,
Washington DC,DC,Hotel Zena,Visionary,N,
Washington DC,DC,Viceroy,Visionary,N,
Washington DC,DC,Volkswagen Group of America Inc.,Rainbow,Y,
Washington DC,DC,Capital One Financial Corp.,Rainbow,Y,
Washington DC,DC,Choice Hotels International Inc.,Rainbow,Y,
Washington DC,DC,HILTON,Rainbow,Y,
Washington DC,DC,IKEA Holding US Inc.,Rainbow,Y,
Washington DC,DC,McDonald's Corp.,Rainbow,Y,
Washington DC,DC,Exelon Corp.,Rainbow,Y,PEPCO
Washington DC,DC,TD Bank N.A.,Rainbow,Y,
Washington DC,DC,Wegmans,Rainbow,N,
Washington DC,DC,Monumental,Rainbow,N,
Washington DC,DC,Delta Air Lines Inc.,Platinum,Y,
Washington DC,DC,Airbus Americas Inc.,Platinum,Y,
Washington DC,DC,Enterprise Holdings Inc.,Platinum,Y,
Washington DC,DC,Booz Allen Hamilton Inc.,Platinum,Y,
Washington DC,DC,Comcast Cable Communications,Platinum,N,Xfinity
Washington DC,DC,Walt Disney Co. The,Platinum,Y,NBC 4 Telemundo 44
Washington DC,DC,Metroweekly,Platinum,N,
Washington DC,DC,TEGNA Inc.,Platinum,Y,WUSA CBS 9
Washington DC,DC,Aids Healthcare Foundation,Gold,N,
Washington DC,DC,DPR Construction,Gold,N,
Washington DC,DC,Mastercard,Gold,Y,
Washington DC,DC,Lidl US,Gold,Y,
Washington DC,DC,Nestle Health Science,Gold,Y,
Washington DC,DC,Marriott International Inc.,Gold,Y,Westin
Washington DC,DC,Visa,Silver,Y,
Washington DC,DC,Verizon Communications Inc.,Silver,Y,
Washington DC,DC,Sodexo Inc.,Silver,Y,
Washington DC,DC,K&L Gates LLP,Silver,Y,
Washington DC,DC,Erie Insurance Group,Silver,Y,
Washington DC,DC,CareFirst Inc.,Silver,Y,
Washington DC,DC,Dollar Tree Inc.,Silver,Y,
Washington DC,DC,Capgemini America INC,Silver,Y,
Washington DC,DC,Walker & Dunlop LLC,Silver,Y,
Washington DC,DC,Federal National Mortgage Association (Fannie Mae),Silver,Y,
Washington DC,DC,Guidehouse,Silver,Y,
Washington DC,DC,Giant,Silver,N,
Washington DC,DC,Ellucian,Silver,N,
Washington DC,DC,Charles Schwab & Co. Inc.,Bronze,Y,
Washington DC,DC,Citigroup Inc.,Bronze,Y,
Washington DC,DC,Gartner Inc.,Bronze,Y,
Washington DC,DC,Gilead Sciences Inc.,Bronze,Y,
Washington DC,DC,JPMorgan Chase & Co.,Bronze,Y,
Washington DC,DC,Micron Technology Inc.,Bronze,Y,
Washington DC,DC,Monster Beverage Corporation,Bronze,N,
Washington DC,DC,PNC Financial Services Group Inc. The,Bronze,Y,
Washington DC,DC,Sephora,Bronze,Y,
Philadelphia,PA,Aramark Corp.,Sponsor,Y,
Philadelphia,PA,Phila Gay News,Sponsor,N,
Philadelphia,PA,Discover Financial Services,Sponsor,Y,
Philadelphia,PA,Knock Restaurant and Bar,Sponsor,N,
Philadelphia,PA,Capital One Financial Corp.,Sponsor,Y,
Philadelphia,PA,Subaru of America Inc.,Sponsor,Y,
Philadelphia,PA,Ally Financial Inc.,Sponsor,Y,
Philadelphia,PA,Cambria Philadelphia,Sponsor,N,
Philadelphia,PA,Exelon Corp.,Sponsor,Y,PECO
Philadelphia,PA,Woody's,Sponsor,N,
Philadelphia,PA,Rivers Casino,Sponsor,N,
Philadelphia,PA,Wawa Inc.,Sponsor,Y,
Philadelphia,PA,Giant Food Stores,Sponsor,N,
Philadelphia,PA,Health Partners Plans,Sponsor,N,
Philadelphia,PA,Penn Medicine,Sponsor,N,
Philadelphia,PA,Lincoln Financial,Sponsor,N,
Philadelphia,PA,Merck,Sponsor,Y,
Philadelphia,PA,Gilead Sciences Inc.,Sponsor,Y,
Philadelphia,PA,Hard Rpck Café,Sponsor,N,
Philadelphia,PA,PNC Financial Services Group Inc. The,Sponsor,Y,
Philadelphia,PA,Red Bull North America,Sponsor,N,
Philadelphia,PA,Vybe,Sponsor,N,
Philadelphia,PA,Bank of America Corp.,Sponsor,N,
Philadelphia,PA,Terra Vida,Sponsor,N,
Philadelphia,PA,PMC Property Group,Sponsor,N,
Philadelphia,PA,Citizens Financial Group,Sponsor,N,
Philadelphia,PA,Santander US,Sponsor,Y,
Philadelphia,PA,Constellation Brands Inc.,Sponsor,Y,Corona USA
Philadelphia,PA,Independence Blue Cross,Sponsor,N,
Philadelphia,PA,JPMorgan Chase & Co.,Sponsor,Y,
Philadelphia,PA,Drexel Lebow,Sponsor,N,
Philadelphia,PA,Main Line Health,Sponsor,N,
Philadelphia,PA,Lyft Inc.,Sponsor,Y,
Philadelphia,PA,Betterment,Sponsor,N,
Philadelphia,PA,TD Bank N.A.,Sponsor,Y,
Philadelphia,PA,T-Mobile USA Inc.,Sponsor,Y,
Philadelphia,PA,Molson Coors Beverage Company,Sponsor,Y,Coors Light
Philadelphia,PA,American Water,Sponsor,Y,
Philadelphia,PA,Yuengling,Sponsor,N,
Boston,MA,Delta Air Lines Inc.,Champions,Y,
Boston,MA,MFS Investment Management,Champions,Y,MFS Foundation
Boston,MA,Eastern Bank Corporation/Eastern Bankshares Inc.,Advocate,Y,
Boston,MA,Shake Shack Inc.,Advocate,Y,
Boston,MA,Wegmans,Advocate,N,
Boston,MA,MassMutual,Advocate,N,
Boston,MA,GBH,Advocate,N,
Boston,MA,Boston Spirit,Advocate,N,
Boston,MA,Symbotic Inc.,Advocate,Y,
Boston,MA,Craft Collective,Advocate,N,
Boston,MA,Beth Israel Lahey Health,Advocate,N,
Boston,MA,Dorchester Brewing Co.,Advocate,N,
Boston,MA,Move Nation,Advocate,N,
Boston,MA,Toast Inc.,Ally,Y,
Boston,MA,National Grid USA,Ally,Y,
Boston,MA,Alkermes,Ally,N,
Boston,MA,Vertex Pharmaceuticals Inc.,Ally,Y,
Boston,MA,Marriott International Inc.,Ally,Y,
Boston,MA,John Hancock Financial Services Inc.,Ally,Y,
Boston,MA,TD Bank N.A.,Ally,Y,
Boston,MA,Eversource Energy,Ally,Y,
Boston,MA,Citizens Financial Group,Ally,Y,
Boston,MA,Liberty Mutual Group,Ally,Y,
Boston,MA,State Street,Ally,Y,
Boston,MA,MTV Solutions,Ally,N,
Boston,MA,Fidelity Investments,Ally,Y,
Boston,MA,Rockland Trust Co.,Ally,Y,
Boston,MA,Lowe's Companies Inc.,Friend,Y,
Boston,MA,Walgreen Co.,Friend,Y,
Boston,MA,Spot Hero,Friend,N,
Boston,MA,Wynk,Friend,N,
Boston,MA,Morrison & Foerster LLP,Friend,Y,
Boston,MA,Athletic Brewing Co.,Friend,N,